1 1
2 5
3 13
4 31
5 110
6 114
7 197
8 199
9 443
10 659
11 661
12 665
13 1105
14 1106
15 1109
16 1637
17 2769
18 2770
19 2778
20 2791
21 2794
22 2795
23 2797
24 2802
25 2803
26 6986
27 6987
28 7013
29 7021
30 8503
31 8506
32 8507
33 8509
34 8510
35 8511
36 9749
37 9822
38 9823
39 9830
40 9831
41 9833
42 9857
43 9861
44 19043
45 19101
46 19102
47 19103
48 19105
49 19111
50 19119
51 19291
52 24026
53 24078
54 24081
55 24094
56 24095
57 24097
58 24101
59 24103
60 24105
61 24106
62 24107
63 24109
64 24110
65 24113
66 24114
67 24137
68 24153
69 24154
70 24170
71 24171
72 24185
73 31990
74 42731
75 42735
76 42737
77 42773
78 42774
79 42778
80 42789
81 42833
82 42835
83 42837
84 42841
85 42842
86 42938
87 42958
88 42961
89 48381
90 48405
91 48406
92 48426
93 48427
94 48430
95 48431
96 48433
97 59414
98 59419
99 59421
100 59426
101 59443
102 59449
103 59473
104 59474
105 59497
106 59498
107 59501
108 59554
109 59555
110 59557
111 59558
112 59563
113 59577
114 95251
115 95261
116 95262
117 95263
118 95489
119 95497
120 95498
121 95514
122 95515
123 95518
124 95527
125 95529
126 95539
127 95937
128 95961
129 95971
130 96002
131 96007
132 96014
133 141866
134 141869
135 230077
136 230081
137 230089
138 230090
139 230098
140 230102
141 230107
142 230111
143 230113
144 230227
145 230233
146 230237
147 230239
148 230241
149 230387
150 230389
151 230390
152 230393
153 230394
154 230399
155 295473
156 295478
157 295487
158 295489
159 295490
160 295494
161 295626
162 295627
163 295629
164 295649
165 295651
166 295658
167 295661
168 295754
169 297335
170 297337
171 297338
172 297343
173 297345
174 297346
175 297347
176 297446
177 297447
178 297449
179 297454
180 297465
181 297466
182 297485
183 297493
184 297494
185 297497
186 297498
187 297499
188 297546
189 297547
190 297561
191 297562
192 297563
193 297565
194 297566
195 297571
196 297573
197 297751
198 297753
199 297755
200 297769
201 297770
202 297771
203 297777
204 297785
205 297786
206 298295
207 298297
208 298317
209 298318
210 298322
211 298326
212 298646
213 298649
214 298973
215 298974
216 298977
217 298978
218 298982
219 298983
220 298985
221 298997
222 299009
223 299010
224 299102
225 299129
226 299154
227 299155
228 299157
229 299158
230 299159
231 299161
232 299165
233 299301
234 299461
235 299462
236 300270
237 300289
238 300457
239 300461
240 300551
241 338602
242 350530
243 350567
244 350591
245 350593
246 350594
247 350597
248 350798
249 355102
250 355127
251 355139
252 355163
253 355165
254 355331
255 355539
256 355541
257 355731
258 355733
259 598053
260 602335
261 602345
262 602346
263 602351
264 602522
265 602767
266 602771
267 602773
268 602878
269 602903
270 602907
271 602909
272 602930
273 602931
274 603058
275 603085
276 603102
277 603103
278 603151
279 897162
280 897163
281 897166
282 897365
283 897366
284 897367
285 897382
286 897387
287 897389
288 897391
289 897531
290 897535
291 897546
292 897565
293 897566
294 897583
295 897609
296 897677
297 897682
298 897693
299 897703
300 897709
301 923989
302 923990
303 923991
304 923995
305 923997
306 924043
307 924045
308 924046
309 924106
310 924110
311 924539
312 924643
313 924645
314 924646
315 924647
316 924667
317 924670
318 924685
319 924691
320 924698
321 924709
322 924713
323 924715
324 924717
325 924718
326 924719
327 925122
328 925127
329 925167
330 925181
331 925203
332 925205
333 925242
334 925246
335 925251
336 925253
337 925274
338 925279
339 925679
340 925681
341 925691
342 925699
343 925706
344 925710
345 925715
346 925979
347 925985
348 925999
349 926079
350 926099
351 926113
352 926123
353 926126
354 926129
355 926133
356 926157
357 926158
358 926159
359 926161
360 926162
361 926173
362 926174
363 926242
364 926254
365 926259
366 926261
367 926263
368 926265
369 1053902
370 1053903
371 1053905
372 1053911
373 1053913
374 1053914
375 1053915
376 1053917
377 1053919
378 1053921
379 1053926
380 1053929
381 1053931
382 1053933
383 1053934
384 1053938
385 1053943
386 1053949
387 1062133
388 1062139
389 1062141
390 1062142
391 1062295
392 1062317
393 1062318
394 1062319
395 1062335
396 1062337
397 1062338
398 1062394
399 1062395
400 1062397
401 1062465
402 1062481
403 1062482
404 1062483
405 1062489
406 1062493
407 1062502
408 1062505
409 1062506
410 1062507
411 1062509
412 1062583
413 1062586
414 1062651
415 1062694
416 1062714
417 1062753
418 1062773
419 1062777
420 1065489
421 1065490
422 1065491
423 1065779
424 1065786
425 1066081
426 1066085
427 1066103
428 1066117
429 1066137
430 1066799
431 1066801
432 1066854
433 1761366
434 1761377
435 1761378
436 1761458
437 1761459
438 1761461
439 1761473
440 1761481
441 1761649
442 1761653
443 1761654
444 1761815
445 1761869
446 1761870
447 1761871
448 1761887
449 1761891
450 1761897
451 1761898
452 1761899
453 1761905
454 1761909
455 1761918
456 1761923
457 1761985
458 1761986
459 1761997
460 1761998
461 1762003
462 1762007
463 1762015
464 1762022
465 1762023
466 1762026
467 1762027
468 1762890
469 1762891
470 1762899
471 1762901
472 1762961
473 1762977
474 1763021
475 1763022
476 1763023
477 1763026
478 1763027
479 1763029
480 1763033
481 1763038
482 1763039
483 1763078
484 1763079
485 1772155
486 1772157
487 1773535
488 1785539
489 1785543
490 1785545
491 1785547
492 1785549
493 1785551
494 1785562
495 1785905
496 1785907
497 1785909
498 1786009
499 1786017
500 1786018
501 1786019
502 1786026
503 1786027
504 1786049
505 1786051
506 1786053
507 1786054
508 1786055
509 1786057
510 1786058
511 1786061
512 1786062
513 1786063
514 1786067
515 1786069
516 1786073
517 1786074
518 1786078
519 1786083
520 1788897
521 1788898
522 1788929
523 1788977
524 1788978
525 1788979
526 1789055
527 1789057
528 1789058
529 1789062
530 1789063
531 1789109
532 1789111
533 1789115
534 1789121
535 1789126
536 1789127
537 1789141
538 1791921
539 1791922
540 1791923
541 1791931
542 1791933
543 1793559
544 1793901
545 1793902
546 1793903
547 1793909
548 1793910
549 1793917
550 1793918
551 3213178
552 3213235
553 3213237
554 3213238
555 3213239
556 3213245
557 3213283
558 3213285
559 3213298
560 3213299
561 3213301
562 3213305
563 3213310
564 3213321
565 3213337
566 3213345
567 3213346
568 3214574
569 3214597
570 3214598
571 3214610
572 3214613
573 3214679
574 3214681
575 3214682
576 3214693
577 3216829
578 3217003
579 3217006
580 3217007
581 3217011
582 3217094
583 3217097
584 3217217
585 3217218
586 3217219
587 3217226
588 3217227
589 3217229
590 3217245
591 3217246
592 3217262
593 3217702
594 3217706
595 3217709
596 3217710
597 3217711
598 3217713
599 3217714
600 3217715
601 3217719
602 3217721
603 3217722
604 3217755
605 3217757
606 3217758
607 3217763
608 3217774
609 3217777
610 3217778
611 3217785
612 3217789
613 3217790
614 3217791
615 3217793
616 3217807
617 3217821
618 3217829
619 3217866
620 3217998
621 3217999
622 3218003
623 3218005
624 3218006
625 3218010
626 3218082
627 3218083
628 3218091
629 3218093
630 3218117
631 3218118
632 3218119
633 3222767
634 3222781
635 3222799
636 3223622
637 3223623
638 3223633
639 3223634
640 3223695
641 3223699
642 3223705
643 3223709
644 3223711
645 3223713
646 3223714
647 3223715
648 3223846
649 3223849
650 3223855
651 3223858
652 3223859
653 3223865
654 3224209
655 3232529
656 3232537
657 3232666
658 3232739
659 3232741
660 3232749
661 3232751
662 3232753
663 3232761
664 3232762
665 3232766
666 3232767
667 3232769
668 3232770
669 3232771
670 3232778
671 3232795
672 3232799
673 3232841
674 3232853
675 3232954
676 3232958
677 3232959
678 3232961
679 3232963
680 3232965
681 3232966
682 3239763
683 3239797
684 4956581
685 4956582
686 4956594
687 4956598
688 4956599
689 4956602
690 4956603
691 4956605
692 4956607
693 4956630
694 4956827
695 4956829
696 4956910
697 4956911
698 4957927
699 4957939
700 4957941
701 4957959
702 4957961
703 4957978
704 4957989
705 4957990
706 4957991
707 4957993
708 4958421
709 4958426
710 4958427
711 4958435
712 4958443
713 4958445
714 4962577
715 4962578
716 4962589
717 4962590
718 4962629
719 4962630
720 4962631
721 4962633
722 4962649
723 4962790
724 4962791
725 4962793
726 4962794
727 4962795
728 4962797
729 4962865
730 4962871
731 4962881
732 4962882
733 4962935
734 4963405
735 4963407
736 4963409
737 4963411
738 4963415
739 4963417
740 4963431
741 4963435
742 4963469
743 4963474
744 4963483
745 4963485
746 4963486
747 4963487
748 4963569
749 4963570
750 4963571
751 4963573
752 4963574
753 4964065
754 4965794
755 4965797
756 4965798
757 4965799
758 4965801
759 4996642
760 4996698
761 4996703
762 4996734
763 4996735
764 4997678
765 4997679
766 4997685
767 4997689
768 4997694
769 4997695
770 4997733
771 4997734
772 4997735
773 4997739
774 5306759
775 5306761
776 5306762
777 5306790
778 5306791
779 5306793
780 5306794
781 5306799
782 5306801
783 5306802
784 5307549
785 5307558
786 5307563
787 5340794
788 5340809
789 5340810
790 5340817
791 5340818
792 5342302
793 5342303
794 5342307
795 5342309
796 5342311
797 5342318
798 5342537
799 5342557
800 5342558
801 5342559
802 5342567
803 5342569
804 5342574
805 5342577
806 5342578
807 5342614
808 5342615
809 5342627
810 5342651
811 5342757
812 5342758
813 5342759
814 5342761
815 5342853
816 5342919
817 5342921
818 5342923
819 5342926
820 5342927
821 5342939
822 5342957
823 5342962
824 5342966
825 5342971
826 5342973
827 5342974
828 5343010
829 5343011
830 5343242
831 5343243
832 5343253
833 5343278
834 5343279
835 5343306
836 5343349
837 5343703
838 5343706
839 5343707
840 5343709
841 5343710
842 5343711
843 5343713
844 5343753
845 5343754
846 5343758
847 5343761
848 6430551
849 6430553
850 6430583
851 6430585
852 6430589
853 6430591
854 6430595
855 6430601
856 6430602
857 6430603
858 6430605
859 6430693
860 6430694
861 6430695
862 6430701
863 6430713
864 6430738
865 6430739
866 6430741
867 6430746
868 6430757
869 6430758
870 6430759
871 6430785
872 6430790
873 6432465
874 6432466
875 6432467
876 6432469
877 6432470
878 6432473
879 6432474
880 6432523
881 6432526
882 6432530
883 6432554
884 6432555
885 6432557
886 6432558
887 6432581
888 6432582
889 6432591
890 6432702
891 6432703
892 6432753
893 6432842
894 6432843
895 6432845
896 6432862
897 6433467
898 6433469
899 6433474
900 6433477
901 6433502
902 6433503
903 6433505
904 6433507
905 6433509
906 6433510
907 6433527
908 6433531
909 6433537
910 6433559
911 6433563
912 6433567
913 6433571
914 6433573
915 6433574
916 6433577
917 6433579
918 6433581
919 6433634
920 6433635
921 6433639
922 6433663
923 6433681
924 6434270
925 6434273
926 6434274
927 6434277
928 6434810
929 6434813
930 6434814
931 6434819
932 6434870
933 6434871
934 6434873
935 6434906
936 6434907
937 6434918
938 6434923
939 6435011
940 6435457
941 6435545
942 6435546
943 6435551
944 6435553
945 6435554
946 6435555
947 6435557
948 6435559
949 6435574
950 6435577
951 6435578
952 6435579
953 6435659
954 6435667
955 6435673
956 6435710
957 6435715
958 6435717
959 6435870
960 6435871
961 6435874
962 6435889
963 6435897
964 6435898
965 6435930
966 6435931
967 6435967
968 6435971
969 6435979
970 6435982
971 6435986
972 6435987
973 6435989
974 6435994
975 6435995
976 6436182
977 6436186
978 6436195
979 6436959
980 6436961
981 6436963
982 6436965
983 6436966
984 6436967
985 6447245
986 6447246
987 6447247
988 6447343
989 6447353
990 6447378
991 6447379
992 6447381
993 6447390
994 6447430
995 6447431
996 6447433
997 6447523
998 6447529
999 6447542
1000 6447543
1001 6447545
1002 6447554
1003 6447565
1004 6447585
1005 6447586
1006 6447587
1007 6447589
1008 6447595
1009 6447597
1010 6447598
1011 6447622
1012 6447639
1013 6447641
1014 6473203
1015 6473206
1016 6473209
1017 6473213
1018 6473539
1019 6473553
1020 6473554
1021 6473783
1022 6473785
1023 6473789
1024 6473791
1025 6476205
1026 6476206
1027 6476273
1028 6476277
1029 6476282
1030 6476287
1031 6476289
1032 6476290
1033 6476291
1034 6476317
1035 6476322
1036 6476323
1037 6476326
1038 6476414
1039 6476415
1040 6476423
1041 6476438
1042 6476466
1043 6476470
1044 6476486
1045 6476819
1046 6478257
1047 6478406
1048 6478409
1049 6478410
1050 6478411
1051 6479498
1052 6479566
1053 6480205
1054 6480210
1055 6480211
1056 6480213
1057 6480214
1058 6481595
1059 6481597
1060 6481601
1061 7104751
1062 7104754
1063 7104758
1064 7104759
1065 7104761
1066 7104763
1067 7104765
1068 7104766
1069 7104767
1070 7104769
1071 7104774
1072 7104777
1073 7104778
1074 7104991
1075 7109105
1076 7109106
1077 7109107
1078 7109110
1079 9987199
1080 9987205
1081 9987206
1082 9987261
1083 9987263
1084 9987274
1085 9987277
1086 9987279
1087 9988969
1088 9990067
1089 9990083
1090 9990085
1091 9990103
1092 9990105
1093 9990106
1094 9990110
1095 9990130
1096 9990170
1097 9990173
1098 9990178
1099 9990179
1100 9990203
1101 9990205
1102 9992587
1103 9992589
1104 9992602
1105 9992603
1106 9992605
1107 9992658
1108 9992659
1109 9992710
1110 9992730
1111 9992847
1112 9992849
1113 9992851
1114 9992854
1115 9992890
1116 9992911
1117 9992914
1118 9992927
1119 9992931
1120 9992937
1121 9992941
1122 9992942
1123 9992945
1124 9992946
1125 9992947
1126 9992949
1127 9992951
1128 9992953
1129 9992954
1130 9992991
1131 9992993
1132 9992994
1133 9993005
1134 9993007
1135 9993009
1136 9993010
1137 9993013
1138 9993014
1139 9993017
1140 9993018
1141 9993030
1142 9993031
1143 9993034
1144 10187905
1145 10187918
1146 10188151
1147 10188245
1148 10188246
1149 10188551
1150 10188566
1151 10188573
1152 10188574
1153 10188618
1154 10188622
1155 10188646
1156 10188647
1157 10188659
1158 10188670
1159 10188687
1160 10188689
1161 10188690
1162 10188706
1163 10188707
1164 10188709
1165 10188722
1166 10188723
1167 10188807
1168 10188830
1169 10189339
1170 10189345
1171 10189346
1172 10189393
1173 10189405
1174 10189406
1175 10189407
1176 10189409
1177 10189411
1178 10189427
1179 10189429
1180 10189430
1181 10189433
1182 10189434
1183 10189466
1184 10189469
1185 10189470
1186 10189471
1187 10189473
1188 10189605
1189 10189606
1190 10189906
1191 10189910
1192 10189934
1193 10190407
1194 10190409
1195 10190410
1196 10190411
1197 10190426
1198 10190427
1199 10190431
1200 10190461
1201 10190462
1202 10192489
1203 10192493
1204 10192497
1205 10192498
1206 10192499
1207 10192501
1208 10192502
1209 10192817
1210 10192821
1211 10192822
1212 10192823
1213 10192831
1214 10192834
1215 10192865
1216 10192866
1217 10192874
1218 10192881
1219 10192893
1220 10192894
1221 10192895
1222 10192949
1223 10193627
1224 10193629
1225 10193630
1226 10193701
1227 10193709
1228 10193717
1229 10193721
1230 10193726
1231 10193749
1232 10193753
1233 10193754
1234 10193871
1235 10193873
1236 10193874
1237 10193878
1238 10193879
1239 10193881
1240 10194458
1241 12856037
1242 12856042
1243 12856074
1244 12856078
1245 12856079
1246 12856110
1247 12856210
1248 12856211
1249 12856215
1250 12856219
1251 12856222
1252 12856223
1253 12856226
1254 12856227
1255 12856238
1256 12856241
1257 12856242
1258 12856246
1259 12856254
1260 12856255
1261 12856259
1262 12856278
1263 12856290
1264 12856291
1265 12856294
1266 12856295
1267 12860278
1268 12860279
1269 12860281
1270 12860282
1271 12860283
1272 12860287
1273 12860306
1274 12860309
1275 12860313
1276 12860357
1277 12860358
1278 12860363
1279 12860378
1280 12860822
1281 12860823
1282 12860833
1283 12860835
1284 12860837
1285 12860845
1286 12860846
1287 12860861
1288 12860862
1289 12860905
1290 12860941
1291 12860953
1292 12861003
1293 12861007
1294 12861046
1295 12861047
1296 12861049
1297 12861109
1298 12861115
1299 12861143
1300 12861147
1301 12861149
1302 12861165
1303 12861166
1304 12861167
1305 12861169
1306 12861170
1307 12861178
1308 12861241
1309 12861246
1310 12861247
1311 12861262
1312 12861281
1313 12861282
1314 12861289
1315 12861314
1316 12861317
1317 12861330
1318 12861343
1319 12861349
1320 12861361
1321 12861399
1322 12861401
1323 12861402
1324 12861403
1325 12861406
1326 12861409
1327 12861418
1328 12861419
1329 12861421
1330 12861426
1331 12861427
1332 12861437
1333 12861438
1334 12861439
1335 12861442
1336 12861466
1337 12861467
1338 12861469
1339 12861470
1340 12861478
1341 12861482
1342 12861483
1343 12861485
1344 12861490
1345 12861498
1346 12861499
1347 12861501
1348 12861519
1349 12861521
1350 12868543
1351 12868545
1352 12868546
1353 12868555
1354 12868562
1355 12868563
1356 12868565
1357 12868571
1358 12868581
1359 12868582
1360 12868583
1361 12869438
1362 12869441
1363 12869486
1364 12869489
1365 12869490
1366 12869610
1367 12869611
1368 12869614
1369 12869615
1370 12869619
1371 12870033
1372 12870034
1373 12870655
1374 12870670
1375 12870682
1376 12870685
1377 12870726
1378 12870877
1379 12870878
1380 12870943
1381 12870946
1382 12870947
1383 12870949
1384 12870951
1385 12870962
1386 12870973
1387 12871010
1388 12871101
1389 12871102
1390 12871103
1391 12871105
1392 12871106
1393 12871109
1394 12871110
1395 12871111
1396 12871113
1397 12871114
1398 12871118
1399 12871662
1400 12871742
1401 12871751
1402 12871753
1403 12871777
1404 12871778
1405 12871779
1406 12871794
1407 12871795
1408 12871797
1409 12871803
1410 12871805
1411 12871811
1412 12871822
1413 12871842
1414 12871846
1415 12871851
1416 12871853
1417 12871855
1418 12871857
1419 12871858
1420 12871865
1421 12872721
1422 12872749
1423 12872751
1424 12874574
1425 12874579
1426 12874582
1427 12874583
1428 12874594
1429 12874595
1430 12874674
1431 12874682
1432 12874683
1433 12874691
1434 12874695
1435 12874697
1436 12874703
1437 12874705
1438 12874706
1439 12874765
1440 12874773
1441 12874774
1442 12874777
1443 12874782
1444 12874783
1445 12874805
1446 12874813
1447 12874814
1448 30095923
1449 30146470
1450 30146471
1451 30146494
1452 30146905
1453 30146906
1454 30146909
1455 30146910
1456 30146918
1457 30147002
1458 30147009
1459 30147010
1460 30147041
1461 30147190
1462 30147199
1463 30147202
1464 30147203
1465 30147205
1466 30147206
1467 30147207
1468 30147209
1469 30147211
1470 30147226
1471 30147227
1472 30147239
1473 30147851
1474 30147853
1475 30147857
1476 30147862
1477 30147863
1478 30147865
1479 30147866
1480 30147881
1481 30147882
1482 30147883
1483 30147886
1484 30147889
1485 30147890
1486 30148145
1487 30148154
1488 30148157
1489 30148158
1490 30148167
1491 30148169
1492 30148358
1493 30148363
1494 30148365
1495 30148366
1496 30148367
1497 30148418
1498 30148433
1499 30148858
1500 30148859
1501 30148861
1502 30148862
1503 30148863
1504 30148865
1505 30148871
1506 30148877
1507 30148883
1508 30148885
1509 30148889
1510 30148894
1511 30148895
1512 30149238
1513 30149242
1514 30176986
1515 30176987
1516 30177031
1517 30177035
1518 30177038
1519 30177039
1520 30177095
1521 30177097
1522 30177221
1523 30177222
1524 30177227
1525 30177231
1526 30177233
1527 30177235
1528 30177237
1529 30177239
1530 30177273
1531 30177274
1532 30177281
1533 30177282
1534 30177283
1535 30177389
1536 30177403
1537 30177421
1538 30177422
1539 30177429
1540 30177430
1541 30177451
1542 30177455
1543 30177457
1544 30177470
1545 30177474
1546 30177478
1547 30177481
1548 30177482
1549 30177487
1550 30177533
1551 30177534
1552 30177535
1553 30177559
1554 30177561
1555 30177569
1556 30177573
1557 30177574
1558 30177577
1559 30177723
1560 30177730
1561 30177731
1562 30177735
1563 30177737
1564 30183095
1565 30183227
1566 30183229
1567 30183230
1568 30183233
1569 30183530
1570 30183535
1571 30183537
1572 30183545
1573 30183546
1574 30183554
1575 30183555
1576 30183557
1577 30183558
1578 30183562
1579 30186906
1580 30186914
1581 30186915
1582 30186974
1583 30187011
1584 30187013
1585 30187021
1586 30187063
1587 30187065
1588 30187066
1589 30197661
1590 30197662
1591 30197663
1592 30197665
1593 30197666
1594 30197679
1595 30197681
1596 30197683
1597 30197742
1598 30197743
1599 30197749
1600 30197751
1601 30197753
1602 30197794
1603 30197798
1604 30198098
1605 30198099
1606 30198101
1607 30198110
1608 30200186
1609 30200187
1610 30200198
1611 30200201
1612 30200206
1613 30200210
1614 30200226
1615 30200227
1616 30200230
1617 30200231
1618 30200233
1619 30200234
1620 30200242
1621 30200262
1622 30200279
1623 30200281
1624 30200282
1625 30200285
1626 30200639
1627 30200641
1628 30200649
1629 30200654
1630 30200655
1631 30200657
1632 30200658
1633 30200743
1634 30200770
1635 30200771
1636 30200786
1637 30200790
1638 30200833
1639 30200834
1640 30200835
1641 30200837
1642 30200838
1643 30200977
1644 30200978
1645 30200979
1646 30200981
1647 30200986
1648 30201067
1649 30201090
1650 30201091
1651 30201097
1652 30201098
1653 30201099
1654 30201441
1655 30201442
1656 30201443
1657 30201458
1658 30201459
1659 30201461
1660 30201463
1661 30201465
1662 30201466
1663 30201470
1664 30201473
1665 30201486
1666 30201503
1667 30201518
1668 30201519
1669 30201521
1670 30201589
1671 30201601
1672 30201602
1673 30201603
1674 30201605
1675 30201607
1676 30201609
1677 30201610
1678 30201611
1679 30203639
1680 30210659
1681 30210662
1682 30210663
1683 30210665
1684 30210683
1685 30210743
1686 30210834
1687 30210835
1688 30210837
1689 30210841
1690 30211055
1691 30211062
1692 30212270
1693 30212274
1694 30212277
1695 30212283
1696 30212285
1697 30212286
1698 30212287
1699 30212387
1700 30212389
1701 30212390
1702 30212391
1703 30212393
1704 30212426
1705 30212427
1706 30213307
1707 30213309
1708 30213310
1709 30213319
1710 30213327
1711 30213331
1712 30213341
1713 30215235
1714 30215389
1715 30215390
1716 30215391
1717 30215431
1718 30215454
1719 30215462
1720 30215463
1721 30215465
1722 30215494
1723 30215495
1724 30215526
1725 30215527
1726 30215530
1727 30215531
1728 30215533
1729 30215534
1730 30215535
1731 30215537
1732 30215578
1733 30215579
1734 30215581
1735 30215582
1736 30215587
1737 30215589
1738 30215593
1739 30215594
1740 30215602
1741 30215611
1742 30215613
1743 30215642
1744 30215711
1745 30215719
1746 30215721
1747 30215726
1748 30215729
1749 30215730
1750 30215734
1751 30218357
1752 30218358
1753 30218365
1754 30218377
1755 30218378
1756 30218385
1757 30218386
1758 30218387
1759 30218393
1760 30218397
1761 30218399
1762 30218431
1763 30218433
1764 30218434
1765 30218449
1766 30218581
1767 30218585
1768 30218629
1769 30219082
1770 30219086
1771 30219115
1772 30219319
1773 30219321
1774 30219322
1775 30219335
1776 30220051
1777 30220053
1778 30220054
1779 30220082
1780 30220121
1781 30220134
1782 30220142
1783 30246158
1784 30246277
1785 30246278
1786 30246281
1787 30246283
1788 30246285
1789 30246286
1790 30246302
1791 30246303
1792 30246395
1793 30246486
1794 30246487
1795 30246490
1796 30246523
1797 30246526
1798 30246527
1799 30246535
1800 30246537
1801 30246541
1802 30246546
1803 30246551
1804 30246553
1805 30246554
1806 30250861
1807 30250862
1808 30250999
1809 30251003
1810 30314257
1811 30314258
1812 30314263
1813 30314267
1814 30314506
1815 30314510
1816 30315382
1817 30315383
1818 30315385
1819 30315386
1820 30315387
1821 30315687
1822 30315790
1823 30315823
1824 30315831
1825 30315837
1826 30315841
1827 30315842
1828 30315865
1829 30315949
1830 30316166
1831 30316191
1832 30316193
1833 30316198
1834 30316205
1835 30316209
1836 30316210
1837 30316211
1838 30316213
1839 30316217
1840 30316222
1841 30316223
1842 30316229
1843 30316231
1844 30316237
1845 30316281
1846 30316285
1847 30316379
1848 30316381
1849 30316382
1850 30316385
1851 30316417
1852 30316418
1853 30316614
1854 30316726
1855 30316727
1856 30316729
1857 30316786
1858 30316810
1859 30316814
1860 30316819
1861 30316827
1862 30316829
1863 30316830
1864 30316831
1865 30316834
1866 30317019
1867 30317026
1868 30317027
1869 30317029
1870 30317037
1871 30317046
1872 30317047
1873 30317066
1874 30317069
1875 30317186
1876 30317187
1877 30317290
1878 30348393
1879 30348394
1880 30349091
1881 30349093
1882 30349094
1883 30349106
1884 30349109
1885 30349110
1886 30349406
1887 30349407
1888 30349409
1889 30349414
1890 30349426
1891 30349427
1892 30349433
1893 30349437
1894 30349441
1895 30349534
1896 30349535
1897 30349589
1898 30349590
1899 30349622
1900 30349661
1901 30349751
1902 30349801
1903 30349802
1904 30349803
1905 30349846
1906 30349847
1907 30349849
1908 30351431
1909 30351462
1910 30351463
1911 30351466
1912 30351467
1913 30351469
1914 30351529
1915 30351595
1916 30351605
1917 30351606
1918 30351635
1919 30351637
1920 30351638
1921 30351639
1922 30351641
1923 30351673
1924 30351674
1925 30351677
1926 30351679
1927 30351687
1928 30351702
1929 30351703
1930 30351705
1931 30351709
1932 30351749
1933 30351838
1934 30351839
1935 30351841
1936 30351842
1937 30351845
1938 30351955
1939 30351957
1940 30351958
1941 30352002
1942 30352006
1943 30352007
1944 30352009
1945 30352019
1946 30352022
1947 30352026
1948 30352067
1949 30352069
1950 30352071
1951 30352073
1952 30352773
1953 30352782
1954 30352791
1955 30352818
1956 30352826
1957 30352830
1958 30353010
1959 30353011
1960 30404946
1961 30404947
1962 30404949
1963 30404951
1964 30404953
1965 30404954
1966 30404955
1967 30404978
1968 30405071
1969 30405557
1970 30405731
1971 30405745
1972 30405790
1973 30405791
1974 30405793
1975 30405794
1976 30405795
1977 30405797
1978 30405802
1979 30405831
1980 30405873
1981 30405902
1982 30406586
1983 30406701
1984 30406710
1985 30624170
1986 30624179
1987 30624181
1988 30624681
1989 30624689
1990 30624703
1991 30624707
1992 30624709
1993 30624715
1994 30624717
1995 30624731
1996 30624733
1997 30624745
1998 30624753
1999 30624754
2000 30624757
2001 30624758
2002 30624763
2003 30624770
2004 30624771
2005 30624778
2006 30624779
2007 30626827
2008 30626833
2009 30627741
2010 30627761
2011 30627786
2012 30627787
2013 30627789
2014 30627790
2015 30627791
2016 30627794
2017 30627798
2018 30627799
2019 30627802
2020 30627803
2021 30631690
2022 30631691
2023 30632018
2024 30632023
2025 30632029
2026 30632037
2027 30632038
2028 30632039
2029 30649117
2030 30649118
2031 30649170
2032 30649187
2033 30649195
2034 30649199
2035 30649201
2036 30649205
2037 30649207
2038 30649253
2039 30649254
2040 30649258
2041 30649267
2042 30649274
2043 30649282
2044 30649295
2045 30649297
2046 30649298
2047 30649303
2048 30649362
2049 30649363
2050 30649441
2051 30649442
2052 30649443
2053 30649445
2054 30649467
2055 30650251
2056 30650255
2057 30650257
2058 30650258
2059 30650259
2060 30650261
2061 30650354
2062 30650357
2063 30650358
2064 30650365
2065 30650371
2066 30650374
2067 30650467
2068 30650469
2069 30650482
2070 30651177
2071 30651178
2072 30651179
2073 30651353
2074 30651359
2075 30651455
2076 30651457
2077 30651465
2078 30651466
2079 30651474
2080 30651477
2081 30651497
2082 30651638
2083 30651665
2084 30651789
2085 30651793
2086 30651794
2087 30651806
2088 30651817
2089 30652039
2090 30652043
2091 30652045
2092 30652046
2093 30652049
2094 30652057
2095 30652058
2096 30652059
2097 30652067
2098 30652069
2099 30652085
2100 30652089
2101 30652090
2102 30652091
2103 30652134
2104 30652646
2105 30652654
2106 30652655
2107 30652666
2108 30652667
2109 30652669
2110 30652673
2111 30652679
2112 30652681
2113 30652687
2114 30652694
2115 30652697
2116 30652698
2117 30652699
2118 30652701
2119 30655941
2120 30656006
2121 30656471
2122 30656634
2123 30656635
2124 30656678
2125 30656679
2126 30656683
2127 30656685
2128 30656686
2129 30656690
2130 30656693
2131 30656726
2132 30656739
2133 30656747
2134 30656749
2135 30656751
2136 30656753
2137 30656758
2138 30656759
2139 30657129
2140 30657135
2141 30657142
2142 30657146
2143 30657147
2144 30657194
2145 30657197
2146 30657198
2147 30657199
2148 30657201
2149 30657202
2150 30657207
2151 30657306
2152 30657355
2153 30657358
2154 30657369
2155 30657370
2156 30657414
2157 30657415
2158 30657485
2159 30657490
2160 30657491
2161 30657493
2162 30657506
2163 30666189
2164 30666190
2165 30666235
2166 30666242
2167 30666254
2168 30667027
2169 30667031
2170 30667035
2171 30667037
2172 30667074
2173 30667079
2174 30667083
2175 30667085
2176 30668082
2177 30668087
2178 30668095
2179 30668097
2180 30668106
2181 30668107
2182 30668117
2183 30668161
2184 30668162
2185 30668163
2186 30668170
2187 30668171
2188 30668173
2189 30668181
2190 30668199
2191 30668210
2192 30668213
2193 30668214
2194 30668423
2195 30668426
2196 30668429
2197 30668459
2198 30668465
2199 30668469
2200 30668470
2201 30668474
2202 30668477
2203 30668478
2204 30668479
2205 30668486
2206 30668491
2207 30668495
2208 30668497
2209 30668498
2210 30668509
2211 30668510
2212 30668511
2213 30668515
2214 30668523
2215 30668527
2216 30668545
2217 30668558
2218 30668559
2219 30668573
2220 30668595
2221 30668618
2222 30668803
2223 30668810
2224 30668811
2225 30668813
2226 30668815
2227 30670571
2228 30670573
2229 30725521
2230 30725522
2231 30738538
2232 30738539
2233 30738541
2234 30738583
2235 30738587
2236 30738666
2237 30738670
2238 30738671
2239 30738673
2240 30738674
2241 30738677
2242 30739049
2243 30739051
2244 30739053
2245 30739135
2246 30739137
2247 30739138
2248 30739142
2249 30739146
2250 30739155
2251 30739157
2252 30739165
2253 30739171
2254 30739173
2255 30739179
2256 30739182
2257 30739183
2258 30739186
2259 30739190
2260 30739213
2261 30739439
2262 30739441
2263 30739463
2264 30739465
2265 30739466
2266 30739467
2267 30739469
2268 30739470
2269 30739502
2270 30739503
2271 30739505
2272 30739514
2273 30739515
2274 30739517
2275 30739539
2276 30739655
2277 30741461
2278 30741463
2279 30741465
2280 30741466
2281 30741467
2282 30741469
2283 30759586
2284 30759593
2285 30759594
2286 30759602
2287 30759605
2288 30759607
2289 30759611
2290 30759613
2291 30759614
2292 30759785
2293 30759787
2294 30759791
2295 30759793
2296 30763805
2297 30763810
2298 30763814
2299 30763834
2300 30763841
2301 30763873
2302 30763874
2303 30763894
2304 30763931
2305 30763933
2306 30763983
2307 30763994
2308 30763997
2309 30763999
2310 30764001
2311 30764002
2312 30764003
2313 30764009
2314 30764010
2315 30764014
2316 30764067
2317 30764069
2318 30764071
2319 30764083
2320 30764085
2321 30764086
2322 30764087
2323 30764098
2324 30764099
2325 30764101
2326 30764102
2327 30764103
2328 30764105
2329 30764163
2330 30764165
2331 30764173
2332 30764235
2333 30764246
2334 30764247
2335 30764545
2336 30764586
2337 30764587
2338 30770102
2339 30770103
2340 30770105
2341 30770106
2342 30770117
2343 30770121
2344 30770246
2345 30770247
2346 30770254
2347 30770255
2348 30770261
2349 30770263
2350 30770359
2351 30770374
2352 30770377
2353 30770378
2354 30770387
2355 30770389
2356 30770395
2357 30770398
2358 30770414
2359 30770437
2360 30770458
2361 30770462
2362 30770477
2363 30770479
2364 30770485
2365 30770630
2366 30770671
2367 30770678
2368 30770679
2369 30770681
2370 30770682
2371 30770687
2372 30770699
2373 30770701
2374 30770713
2375 30770714
2376 30770718
2377 30770754
2378 30770786
2379 30770787
2380 30770839
2381 30770843
2382 30770845
2383 30770851
2384 30770853
2385 30770878
2386 30770882
2387 30770902
2388 30770907
2389 30770913
2390 30770914
2391 30770915
2392 30770917
2393 30770934
2394 30771277
2395 30771285
2396 30771286
2397 30771287
2398 30771294
2399 30771299
2400 30771303
2401 30771305
2402 30771307
2403 30771309
2404 30771654
2405 30771655
2406 30771658
2407 30771686
2408 30771758
2409 30771766
2410 30771827
2411 30795742
2412 30795743
2413 30795747
2414 30795769
2415 30795770
2416 30795774
2417 30795778
2418 30795785
2419 30795787
2420 30795789
2421 30795790
2422 30796006
2423 30796046
2424 30796069
2425 30796287
2426 30796294
2427 30796295
2428 30796301
2429 30797230
2430 30797231
2431 30797247
2432 30797249
2433 30797378
2434 30797381
2435 30797403
2436 30797405
2437 30797410
2438 30797411
2439 30797413
2440 30797418
2441 30811865
2442 30811873
2443 30811885
2444 30811891
2445 30811893
2446 30811913
2447 30811915
2448 30811917
2449 30811927
2450 30811929
2451 30811939
2452 30811945
2453 30811946
2454 30811947
2455 30811949
2456 30811951
2457 30811953
2458 30811994
2459 30811997
2460 30812003
2461 30812005
2462 30812006
2463 30812007
2464 30812029
2465 30812030
2466 30812034
2467 30812035
2468 30812037
2469 30812069
2470 30812070
2471 30812071
2472 30812077
2473 30812099
2474 30812105
2475 30812114
2476 30812135
2477 30812143
2478 30812145
2479 30812146
2480 30812223
2481 30812230
2482 30812258
2483 30812303
2484 30812315
2485 30812317
2486 30812333
2487 30812334
2488 30812335
2489 30812338
2490 30812458
2491 30812477
2492 30812478
2493 30812483
2494 30812485
2495 30812486
2496 30812491
2497 30812493
2498 30812494
2499 30884822
2500 30884826
2501 30884845
2502 30884854
2503 30884855
2504 30884857
2505 30884858
2506 30884861
2507 30884903
2508 30884921
2509 30884927
2510 30884929
2511 30884930
2512 30906218
2513 30907697
2514 30907771
2515 30907778
2516 30907781
2517 30907783
2518 30907785
2519 30907985
2520 30908059
2521 30908077
2522 30908082
2523 30908091
2524 30908093
2525 30908094
2526 30908351
2527 30908353
2528 30908362
2529 30908363
2530 30908365
2531 30908366
2532 30908413
2533 30908414
2534 30908415
2535 30908427
2536 30909147
2537 30909183
2538 30909185
2539 30909187
2540 30909189
2541 30909197
2542 30909198
2543 30909199
2544 30909203
2545 30909247
2546 30909251
2547 30909253
2548 30909254
2549 30909263
2550 30909265
2551 30910065
2552 30910090
2553 30917751
2554 30917753
2555 30917758
2556 30917759
2557 30917765
2558 30917991
2559 30918390
2560 30918395
2561 30918959
2562 30918963
2563 30918971
2564 30918993
2565 30918994
2566 30918995
2567 30918997
2568 30919034
2569 30919038
2570 30919039
2571 30919042
2572 30919090
2573 30919091
2574 61554549
2575 61554551
2576 61554635
2577 61554669
2578 61554670
2579 61554683
2580 61554687
2581 61557286
2582 61557295
2583 61557297
2584 61557785
2585 61557787
2586 61558633
2587 61558637
2588 61558638
2589 61558639
2590 61558645
2591 61558646
2592 61558647
2593 61558649
2594 61558655
2595 61558669
2596 61560633
2597 61560643
2598 61560647
2599 61560678
2600 61560679
2601 61560690
2602 61560691
2603 61560694
2604 61560710
2605 61560715
2606 61560719
2607 61560721
2608 61560726
2609 61560731
2610 61560733
2611 61560737
2612 61560773
2613 61560949
2614 61560951
2615 61560953
2616 61560955
2617 61560957
2618 61560958
2619 61561102
2620 61561110
2621 61561111
2622 61561113
2623 61561114
2624 61561115
2625 61561117
2626 61561118
2627 61561119
2628 61561154
2629 61561155
2630 61561157
2631 61561158
2632 61561163
2633 61561165
2634 61561181
2635 61561182
2636 61562102
2637 61562103
2638 61562105
2639 61562110
2640 61562114
2641 61562117
2642 61562123
2643 61562134
2644 61562135
2645 61562323
2646 61562387
2647 61562389
2648 61562390
2649 61562398
2650 61562406
2651 61562407
2652 61562409
2653 61562449
2654 61562490
2655 61562494
2656 61562639
2657 61562641
2658 61562642
2659 61562643
2660 61562649
2661 61562651
2662 61562659
2663 61562663
2664 61562671
2665 61563497
2666 61563498
2667 61563499
2668 61565142
2669 61565207
2670 61565269
2671 61565270
2672 61565282
2673 61565671
2674 61565690
2675 61565691
2676 61565693
2677 61565694
2678 61565695
2679 61565698
2680 61565699
2681 61565701
2682 61565702
2683 61565747
2684 61565749
2685 61565753
2686 61565754
2687 61565761
2688 61565774
2689 61565777
2690 61565978
2691 61567153
2692 61567154
2693 61567157
2694 61567459
2695 61567463
2696 61567466
2697 61567482
2698 61567483
2699 61567630
2700 61567631
2701 61567633
2702 61568386
2703 61568399
2704 61568401
2705 61568403
2706 61569003
2707 61569005
2708 61569006
2709 61569007
2710 61588603
2711 61588607
2712 61588609
2713 61588614
2714 61588623
2715 61588635
2716 61588641
2717 61588642
2718 61588643
2719 61588645
2720 61588646
2721 61588649
2722 61588749
2723 61588751
2724 61588753
2725 61588759
2726 61588761
2727 61588771
2728 61588778
2729 61589251
2730 61589338
2731 61589339
2732 61589357
2733 61589397
2734 61589398
2735 61589399
2736 61589533
2737 61589593
2738 61589594
2739 61589595
2740 61589597
2741 61589602
2742 61589603
2743 61589606
2744 61589621
2745 61589622
2746 61589623
2747 61590074
2748 61590086
2749 61590170
2750 61783231
2751 61783233
2752 61783234
2753 61783235
2754 61783237
2755 61783243
2756 61783246
2757 61783251
2758 61783253
2759 61783329
2760 61783339
2761 61783341
2762 61783373
2763 61783383
2764 61783385
2765 61783386
2766 61783387
2767 61783465
2768 61783466
2769 61783486
2770 61783487
2771 61783489
2772 61783502
2773 61783510
2774 61783511
2775 61783531
2776 61783534
2777 61783535
2778 61783546
2779 61783547
2780 61783554
2781 61783555
2782 61783811
2783 61783815
2784 61783831
2785 61783833
2786 61783858
2787 61783859
2788 61790821
2789 61790822
2790 61790826
2791 61790827
2792 61790947
2793 61790954
2794 61790959
2795 61790961
2796 61791083
2797 61791086
2798 61791087
2799 61791089
2800 61791091
2801 61791097
2802 61791101
2803 61791103
2804 61791105
2805 61791114
2806 61791115
2807 61791117
2808 61791118
2809 61899107
2810 61899109
2811 61899110
2812 61899113
2813 61899117
2814 61899135
2815 61899141
2816 61899230
2817 61899234
2818 61899239
2819 61899247
2820 61899249
2821 61899251
2822 61899253
2823 61899277
2824 61899278
2825 61899295
2826 61899297
2827 61899427
2828 61899434
2829 61899437
2830 61900215
2831 61900223
2832 61900257
2833 61900577
2834 61900579
2835 61900590
2836 61900591
2837 61900595
2838 61900597
2839 61901006
2840 61913839
2841 61913841
2842 61913842
2843 61913843
2844 61913858
2845 61913863
2846 72301198
2847 72301199
2848 72301201
2849 72301211
2850 72301213
2851 72301218
2852 72301367
2853 72301369
2854 72301370
2855 72301371
2856 72301373
2857 72301377
2858 72301378
2859 72301379
2860 72301398
2861 72301409
2862 72301413
2863 72301414
2864 72301418
2865 72301433
2866 72301438
2867 72301502
2868 72301503
2869 72301511
2870 72301530
2871 72301531
2872 72301533
2873 72301537
2874 72301538
2875 72301539
2876 72301543
2877 72301546
2878 72301547
2879 72301565
2880 72301566
2881 72301638
2882 72301639
2883 72301641
2884 72301645
2885 72301657
2886 72301658
2887 72301890
2888 72301891
2889 72301893
2890 72302231
2891 72302233
2892 72302253
2893 72302254
2894 72302261
2895 72302282
2896 72302285
2897 72302286
2898 72302287
2899 72302289
2900 72302290
2901 72302295
2902 72302297
2903 72302313
2904 72302314
2905 72302322
2906 72302333
2907 72302334
2908 72302394
2909 72364954
2910 72364957
2911 72364958
2912 72364966
2913 72364967
2914 72364991
2915 72364993
2916 72365358
2917 72365390
2918 72365393
2919 72365433
2920 72365449
2921 72365493
2922 72365494
2923 72365498
2924 72367503
2925 72367511
2926 72367513
2927 72367518
2928 72367593
2929 72367594
2930 72367595
2931 72367597
2932 72367603
2933 72367613
2934 72367646
2935 72367766
2936 72367771
2937 72367777
2938 72367781
2939 72367782
2940 72368310
2941 72368327
2942 72372378
2943 72372382
2944 72372386
2945 72372387
2946 72372389
2947 72372390
2948 72372397
2949 72372459
2950 72372462
2951 72372739
2952 72372749
2953 72373199
2954 72373201
2955 72373202
2956 72373205
2957 72373209
2958 72373210
2959 72373211
2960 72373213
2961 72373214
2962 72373215
2963 72373217
2964 72373218
2965 72374394
2966 72374395
2967 72374399
2968 72374403
2969 72374407
2970 72374415
2971 72374417
2972 72374422
2973 72374429
2974 72374654
2975 72374655
2976 72374687
2977 72374691
2978 72374693
2979 72374694
2980 72374703
2981 72374709
2982 72374710
2983 72374714
2984 72374717
2985 72374718
2986 72374719
2987 72374721
2988 72374722
2989 72374743
2990 72374753
2991 72374754
2992 72374777
2993 72374779
2994 72374781
2995 72374782
2996 72374783
2997 72374785
2998 72374853
2999 72374857
3000 72374858
3001 72374865
3002 72374866
3003 72374957
3004 72374965
3005 72374973
3006 72374974
3007 72374977
3008 72374993
3009 72375007
3010 72375010
3011 72375197
3012 72375315
3013 72375414
3014 72375514
3015 72375515
3016 72375995
3017 72375997
3018 72376001
3019 72376013
3020 72376014
3021 72376015
3022 72376017
3023 72376023
3024 72377327
3025 72377347
3026 72377399
3027 72377407
3028 72377431
3029 72377506
3030 72377507
3031 72377521
3032 72377522
3033 72377526
3034 72377527
3035 72377529
3036 72377530
3037 72377531
3038 72377533
3039 72377534
3040 72377535
3041 72377579
3042 72377581
3043 72377582
3044 72377583
3045 72377585
3046 72377587
3047 72377611
3048 72377701
3049 72377702
3050 72377705
3051 72377759
3052 72377761
3053 72377762
3054 72377767
3055 72377769
3056 72377770
3057 72377771
3058 72377773
3059 72377774
3060 72377810
3061 72377886
3062 72377887
3063 72377889
3064 72377898
3065 72377899
3066 72377902
3067 72377926
3068 72377927
3069 75900145
3070 75900385
3071 75900399
3072 75900405
3073 75900409
3074 75900414
3075 75900469
3076 75900473
3077 75900479
3078 75900481
3079 75900486
3080 75900493
3081 75900495
3082 75900499
3083 75900502
3084 75900503
3085 75900522
3086 75900523
3087 75900526
3088 75900530
3089 75900531
3090 75900539
3091 75900541
3092 75901159
3093 75901269
3094 75901270
3095 75901271
3096 75901287
3097 75901454
3098 75901457
3099 75901466
3100 75901469
3101 75901566
3102 75901567
3103 75901569
3104 75901570
3105 75901574
3106 75901589
3107 75901645
3108 75901646
3109 75901647
3110 75901654
3111 75901997
3112 75901998
3113 75902002
3114 75902003
3115 75902005
3116 75902006
3117 75902223
3118 75902226
3119 75902227
3120 75902230
3121 75902237
3122 75902242
3123 75902466
3124 75902467
3125 75902486
3126 75902491
3127 75902522
3128 75902546
3129 75902547
3130 75902549
3131 75902551
3132 75902554
3133 75902555
3134 75902749
3135 75902790
3136 75902791
3137 75902793
3138 75902794
3139 75902795
3140 75902803
3141 75902827
3142 75902829
3143 75902833
3144 75902834
3145 75902845
3146 75902846
3147 75902878
3148 75902879
3149 75902881
3150 75902882
3151 75903530
3152 75903539
3153 75903581
3154 75903595
3155 75903601
3156 75903609
3157 75903610
3158 75903611
3159 75903613
3160 75903617
3161 75903618
3162 75903619
3163 75903627
3164 75903629
3165 75903637
3166 75903641
3167 75903643
3168 75903645
3169 75903653
3170 75903654
3171 75903665
3172 75903697
3173 75903779
3174 75903787
3175 75903906
3176 75903907
3177 75903909
3178 75903915
3179 75903917
3180 75903926
3181 75903941
3182 75903942
3183 75903943
3184 75903945
3185 75904035
3186 75906979
3187 75907018
3188 75907019
3189 75907069
3190 75907333
3191 75907334
3192 75907335
3193 75907339
3194 75907345
3195 75907346
3196 75909131
3197 75909133
3198 75909135
3199 75909139
3200 75909242
3201 75909590
3202 75909855
3203 75909857
3204 75909858
3205 75909874
3206 75909877
3207 75909878
3208 75973723
3209 75973751
3210 75973762
3211 75973763
3212 75973946
3213 75973978
3214 75973985
3215 75973987
3216 75973991
3217 75973993
3218 75973998
3219 75974005
3220 75974034
3221 75974038
3222 75974039
3223 75974041
3224 75974065
3225 75974066
3226 75974074
3227 75974077
3228 75974083
3229 75974086
3230 75974087
3231 75974089
3232 75974090
3233 75974113
3234 75974114
3235 75986310
3236 75986311
3237 75986519
3238 75986535
3239 75986539
3240 75986542
3241 75986690
3242 75986737
3243 75986738
3244 75986741
3245 75986747
3246 75986798
3247 75986842
3248 75987070
3249 75987263
3250 75987265
3251 75987266
3252 75987267
3253 75987273
3254 75987326
3255 75987330
3256 75987354
3257 75987355
3258 75988015
3259 75988018
3260 75988019
3261 75988038
3262 75988039
3263 75988049
3264 75988051
3265 75988054
3266 75988065
3267 75988066
3268 75988087
3269 75988198
3270 75988534
3271 75988535
3272 75988565
3273 75988582
3274 75988583
3275 75988590
3276 75988591
3277 75988594
3278 75988595
3279 75988599
3280 75988601
3281 75988681
3282 75988686
3283 75988690
3284 75988707
3285 75988709
3286 75988769
3287 75988778
3288 75988779
3289 75988781
3290 75988783
3291 75988785
3292 75988789
3293 75988803
3294 75988805
3295 75988810
3296 76004845
3297 76004846
3298 76004849
3299 76004851
3300 76004853
3301 76004895
3302 76004897
3303 76004898
3304 76004967
3305 76004969
3306 76005131
3307 76005141
3308 76005142
3309 76005143
3310 76005157
3311 76005158
3312 76005159
3313 76005161
3314 76005163
3315 76005167
3316 76005169
3317 76005170
3318 76005181
3319 76005183
3320 76005503
3321 76008398
3322 76008399
3323 76008401
3324 76008403
3325 76008481
3326 76008491
3327 76008493
3328 76008494
3329 76008630
3330 76008637
3331 76008638
3332 76008639
3333 76008877
3334 76008970
3335 76008974
3336 76008981
3337 76008982
3338 76008990
3339 76008991
3340 76008993
3341 76008999
3342 76009007
3343 76009015
3344 76009017
3345 76009026
3346 76009033
3347 76009034
3348 76009395
3349 76009406
3350 76009422
3351 76009427
3352 76009429
3353 76009430
3354 76009431
3355 76009433
3356 76009434
3357 76009435
3358 76009537
3359 76009557
3360 76009558
3361 76009559
3362 76009561
3363 76009562
3364 76009567
3365 76009578
3366 76009593
3367 76009594
3368 76009595
3369 76009597
3370 76009603
3371 76009882
3372 76009886
3373 76009903
3374 76011971
3375 76011973
3376 76012003
3377 76012005
3378 76012510
3379 76012518
3380 76012683
3381 76012870
3382 76013359
3383 76013362
3384 76013363
3385 76013382
3386 76013383
3387 76013385
3388 76013386
3389 76013405
3390 76013411
3391 76013413
3392 76013414
3393 76013429
3394 76013430
3395 76014377
3396 76014379
3397 76014418
3398 76014437
3399 76014438
3400 76014439
3401 76014445
3402 76014473
3403 76014474
3404 76014478
3405 76014479
3406 76014481
3407 76014489
3408 76014501
3409 76014502
3410 76014503
3411 76014505
3412 76014509
3413 76014511
3414 76014589
3415 76014601
3416 76014602
3417 76014605
3418 76014611
3419 76014745
3420 76014746
3421 76014753
3422 76014754
3423 76014755
3424 76014757
3425 76014758
3426 76014762
3427 76014767
3428 76014769
3429 76014770
3430 76014845
3431 76014854
3432 76014857
3433 76014858
3434 76014859
3435 76014861
3436 76015073
3437 76015074
3438 76015077
3439 76015097
3440 76015099
3441 76015103
3442 76015105
3443 76015106
3444 76015149
3445 76015159
3446 76015162
3447 76015169
3448 76015339
3449 109528655
3450 109528697
3451 109528698
3452 109528795
3453 109528799
3454 109528801
3455 109528802
3456 109528819
3457 109528822
3458 109528823
3459 109528835
3460 109528845
3461 109528851
3462 109528855
3463 109528858
3464 109528859
3465 109528861
3466 109528862
3467 109528863
3468 109528865
3469 109528869
3470 109528870
3471 109528871
3472 109528894
3473 109528905
3474 109528913
3475 109528914
3476 109530330
3477 109530331
3478 109530341
3479 109530343
3480 109530358
3481 109530362
3482 109530363
3483 109530365
3484 109530373
3485 109530374
3486 109530383
3487 109530385
3488 109530391
3489 109530393
3490 109530437
3491 109530442
3492 109530443
3493 109530445
3494 109530527
3495 109530529
3496 109530535
3497 109530539
3498 109530561
3499 109530597
3500 109530609
3501 109530610
3502 109530611
3503 109530658
3504 109530710
3505 109530713
3506 109530714
3507 109530715
3508 109530730
3509 109530731
3510 109530787
3511 109530803
3512 109530807
3513 109530845
3514 109530847
3515 109530862
3516 109530863
3517 109530906
3518 109530923
3519 109530926
3520 109530929
3521 109530930
3522 109530967
3523 109530971
3524 109531003
3525 109531007
3526 109531009
3527 109531561
3528 109531563
3529 109531569
3530 109532558
3531 109532562
3532 109532567
3533 109532569
3534 109532573
3535 109532577
3536 109532578
3537 109532582
3538 109532585
3539 109532586
3540 109532627
3541 109532631
3542 109532642
3543 109532643
3544 109532645
3545 109532647
3546 109532649
3547 109532822
3548 109532823
3549 109532831
3550 109532833
3551 109532834
3552 109532839
3553 109532841
3554 109532855
3555 109532870
3556 109532918
3557 109532931
3558 109532933
3559 109532935
3560 109532937
3561 109532938
3562 109532939
3563 109532941
3564 109532942
3565 109532955
3566 109532959
3567 109532962
3568 109532963
3569 109532967
3570 109532969
3571 109532998
3572 109533002
3573 109533003
3574 109533005
3575 109533007
3576 109533013
3577 109533206
3578 109533207
3579 109535162
3580 109535185
3581 109535191
3582 109535209
3583 109535210
3584 109535215
3585 109535217
3586 109535218
3587 109535241
3588 109535245
3589 109535246
3590 109535255
3591 109535257
3592 109535347
3593 109535865
3594 109535866
3595 109535867
3596 109535871
3597 109535873
3598 109535878
3599 109536121
3600 109536474
3601 109536502
3602 109536503
3603 109536506
3604 109536509
3605 109536610
3606 109536621
3607 109536626
3608 109536635
3609 109536637
3610 109536638
3611 109537187
3612 109537193
3613 109537198
3614 109537199
3615 109537201
3616 109537214
3617 109537219
3618 109537221
3619 109537233
3620 109537242
3621 109537269
3622 109537277
3623 109537278
3624 109537283
3625 109537285
3626 109537301
3627 109537302
3628 109537306
3629 109537445
3630 109537510
3631 109537538
3632 109602930
3633 109602934
3634 109602935
3635 109602978
3636 109602986
3637 109602987
3638 109603002
3639 109603009
3640 109603013
3641 109603031
3642 109603047
3643 109603201
3644 109603205
3645 109603207
3646 109609703
3647 109609754
3648 109609773
3649 109609774
3650 109609779
3651 109610159
3652 109610161
3653 109610169
3654 109610177
3655 109610182
3656 109610218
3657 109610251
3658 109610254
3659 109610261
3660 109610278
3661 109610279
3662 109610281
3663 109769331
3664 109769342
3665 109769347
3666 109769349
3667 109769351
3668 109769353
3669 109769358
3670 109769361
3671 109769362
3672 109769379
3673 109769381
3674 109769389
3675 109769390
3676 109769395
3677 109769397
3678 109769398
3679 109769770
3680 109769771
3681 109769777
3682 109769779
3683 109770663
3684 109770665
3685 109770666
3686 109774682
3687 109774686
3688 109774687
3689 109774689
3690 109774718
3691 109774721
3692 109774722
3693 109774723
3694 109774810
3695 109774814
3696 109774815
3697 109774817
3698 109774819
3699 109774821
3700 109774822
3701 109774849
3702 109774919
3703 109775318
3704 109775418
3705 109775419
3706 109775426
3707 109775427
3708 109775429
3709 109775434
3710 109775441
3711 109775903
3712 109775909
3713 109775910
3714 109775911
3715 109775966
3716 109775977
3717 109775981
3718 109775982
3719 109775983
3720 109775985
3721 109775986
3722 109775990
3723 109775995
3724 109775998
3725 109775999
3726 109776001
3727 109776002
3728 109776005
3729 109776007
3730 109776066
3731 109776111
3732 109776113
3733 109776118
3734 109776119
3735 109776233
3736 109776234
3737 109776243
3738 109776245
3739 109776246
3740 109776257
3741 109776259
3742 109776261
3743 109776262
3744 109776263
3745 109776265
3746 109776266
3747 109776305
3748 109776365
3749 109776367
3750 109776374
3751 109776382
3752 109776383
3753 109776441
3754 109776445
3755 109776446
3756 109776559
3757 109776595
3758 109776597
3759 109776601
3760 109776602
3761 109776603
3762 109776605
3763 109776642
3764 109776651
3765 109776653
3766 109776655
3767 109776669
3768 109776673
3769 109776674
3770 109776677
3771 109776687
3772 109776689
3773 109776691
3774 109776693
3775 109776694
3776 109776695
3777 109776854
3778 109776855
3779 109817058
3780 109817071
3781 109817074
3782 109817105
3783 109817106
3784 109817107
3785 109817111
3786 109817113
3787 109817114
3788 109817119
3789 109817562
3790 109817601
3791 109817614
3792 109817641
3793 109817742
3794 109817746
3795 109817842
3796 109817846
3797 109817862
3798 109817863
3799 109817879
3800 109817887
3801 109817889
3802 109817941
3803 109817942
3804 109817958
3805 109817962
3806 109817963
3807 109817987
3808 109818337
3809 109818338
3810 109819555
3811 109819558
3812 109819565
3813 109819694
3814 109819698
3815 109819703
3816 109819705
3817 109819706
3818 109819707
3819 109819781
3820 109819783
3821 109819785
3822 109819789
3823 109819794
3824 109821202
3825 109821266
3826 109821269
3827 109821271
3828 109821277
3829 109821333
3830 109821349
3831 109821365
3832 109821407
3833 109821409
3834 109821410
3835 109821413
3836 109821414
3837 109821417
3838 109821418
3839 109821419
3840 109821421
3841 109821426
3842 109821427
3843 109821430
3844 109821431
3845 109821443
3846 109821455
3847 109821457
3848 109821477
3849 109821478
3850 109821562
3851 109821566
3852 109821567
3853 109821571
3854 109821578
3855 109821589
3856 109821590
3857 109821598
3858 109821839
3859 109821841
3860 109821853
3861 109821881
3862 109821894
3863 109821895
3864 109821898
3865 109821917
3866 109821918
3867 109821919
3868 109821923
3869 109821929
3870 109821930
3871 109821931
3872 109821934
3873 109821986
3874 109821989
3875 109821995
3876 109822026
3877 109822319
3878 109822321
3879 109822333
3880 109822334
3881 109822335
3882 109822339
3883 109822343
3884 109822358
3885 109822738
3886 109822759
3887 109822895
3888 109823151
3889 109823153
3890 109823154
3891 109823155
3892 109823158
3893 109823159
3894 109823162
3895 109823170
3896 109823171
3897 109823314
3898 109823497
3899 109823498
3900 109823503
3901 109823513
3902 109823514
3903 109823515
3904 109823518
3905 109823527
3906 109823529
3907 109823558
3908 109825399
3909 109825401
3910 109825663
3911 109825673
3912 109825674
3913 109825678
3914 109825685
3915 109825691
3916 109825774
3917 109825779
3918 109825915
3919 109825917
3920 109825937
3921 109825939
3922 109825941
3923 109825945
3924 109825946
3925 109825953
3926 109825955
3927 109825957
3928 109825958
3929 109825987
3930 109825989
3931 109825993
3932 109825994
3933 109826034
3934 109826035
3935 109826038
3936 109826039
3937 109831955
3938 109831957
3939 109831962
3940 109832219
3941 109839802
3942 109839803
3943 109839814
3944 109839815
3945 109839817
3946 109839838
3947 109839934
3948 109839946
3949 109839947
3950 109839949
3951 109839953
3952 109839954
3953 109839958
3954 109839967
3955 109839974
3956 109839977
3957 109839979
3958 109840010
3959 109840042
3960 109840083
3961 109840085
3962 109840087
3963 109840089
3964 109840093
3965 109845397
3966 109845398
3967 109845399
3968 109845409
3969 109845410
3970 109845411
3971 109845413
3972 109845415
3973 109845419
3974 109845426
3975 109845430
3976 109845431
3977 109845435
3978 109845438
3979 109845439
3980 109845442
3981 109845443
3982 109845471
3983 109845473
3984 109845474
3985 109845483
3986 109845485
3987 109845493
3988 109845497
3989 109845699
3990 109845715
3991 109845717
3992 109845718
3993 109845789
3994 109845790
3995 109845791
3996 109845793
3997 109845806
3998 109845807
3999 109845809
4000 109845811
4001 109845827
4002 109845829
4003 109847963
4004 109847965
4005 109848049
4006 109848057
4007 109848061
4008 109848381
4009 109848390
4010 109848395
4011 109848417
4012 109848418
4013 109848419
4014 109848421
4015 109848426
4016 109848427
4017 109848430
4018 109848435
4019 109848446
4020 109848601
4021 109848607
4022 109848614
4023 109848619
4024 109848623
4025 109848674
4026 109848679
4027 109848685
4028 109848693
4029 109848889
4030 109848890
4031 109848919
4032 109848921
4033 109848926
4034 109848927
4035 109848937
4036 109848938
4037 109848939
4038 109848947
4039 109848957
4040 109848958
4041 109848959
4042 109848961
4043 109848962
4044 109848979
4045 109849233
4046 109849234
4047 109849538
4048 109849611
4049 109849613
4050 109849627
4051 109849629
4052 109849633
4053 109849634
4054 109849645
4055 109849646
4056 109849745
4057 109849746
4058 109849747
4059 109849753
4060 109849754
4061 109849755
4062 109849757
4063 109849758
4064 109849759
4065 109849765
4066 109849766
4067 109849774
4068 109849783
4069 109849785
4070 109849786
4071 109849787
4072 109849789
4073 109849795
4074 109849882
4075 109849982
4076 109849983
4077 109849985
4078 109851505
4079 109851703
4080 109851706
4081 109851709
4082 109851710
4083 109851711
4084 109851713
4085 109851715
4086 109851719
4087 109851721
4088 109851729
4089 109851763
4090 109851801
4091 109851897
4092 109851898
4093 109851899
4094 109851901
4095 109851906
4096 109851909
4097 109851971
4098 109851974
4099 109852001
4100 109852066
4101 109852070
4102 109852099
4103 109852102
4104 109852106
4105 109852107
4106 109852113
4107 109852117
4108 109852895
4109 109852903
4110 109852905
4111 109852906
4112 109852914
4113 109852915
4114 109852917
4115 109852918
4116 109852919
4117 109852921
4118 109852926
4119 109852931
4120 109852967
4121 109853939
4122 109853941
4123 109854001
4124 109854005
4125 109854187
4126 109854210
4127 109854355
4128 109854357
4129 109854358
4130 109854359
4131 109854361
4132 109854367
4133 109854370
4134 109854386
4135 109854389
4136 109855622
4137 109855623
4138 109855626
4139 109855834
4140 109855835
4141 109855839
4142 109855857
4143 109855858
4144 109855862
4145 109855941
4146 109855966
4147 109855970
4148 109855973
4149 109856239
4150 109856242
4151 109856243
4152 109856258
4153 109856423
4154 109856429
4155 109856431
4156 109856433
4157 109856437
4158 109856467
4159 109856586
4160 109856590
4161 109867253
4162 109867254
4163 109870858
4164 109870941
4165 109870942
4166 109870954
4167 109870958
4168 109870959
4169 109870961
4170 109870962
4171 109870978
4172 109870987
4173 109870991
4174 109870995
4175 109871903
4176 109871905
4177 109871915
4178 109871917
4179 109871922
4180 109871923
4181 109921947
4182 109921981
4183 109921991
4184 109921993
4185 109921997
4186 109921998
4187 109922010
4188 109922011
4189 109922026
4190 109922042
4191 109922045
4192 109922046
4193 109922053
4194 109922054
4195 109922218
4196 109922226
4197 109922227
4198 109922230
4199 109922231
4200 109922235
4201 109922237
4202 109922241
4203 109922441
4204 109922442
4205 109922467
4206 109922469
4207 109922483
4208 109922489
4209 109922503
4210 109923037
4211 109923038
4212 109923043
4213 109923047
4214 109923049
4215 109923051
4216 109923053
4217 109923101
4218 109923106
4219 109923107
4220 109923109
4221 109923110
4222 109923113
4223 109923114
4224 109923115
4225 109923117
4226 109923118
4227 109923342
4228 109923343
4229 109923374
4230 109923379
4231 109923382
4232 109923383
4233 109923387
4234 109923389
4235 109923391
4236 109923402
4237 109923403
4238 109923413
4239 109923414
4240 109923509
4241 109923514
4242 109923619
4243 109923622
4244 109923694
4245 109924546
4246 109924547
4247 109924549
4248 109924553
4249 109924557
4250 109924558
4251 109924562
4252 109924601
4253 109924602
4254 109924607
4255 109924611
4256 109924615
4257 109924621
4258 109924622
4259 109924655
4260 109924657
4261 109924658
4262 109924663
4263 109924670
4264 109925481
4265 109925834
4266 109925873
4267 109925887
4268 109925889
4269 109925893
4270 109925899
4271 109926086
4272 109926087
4273 109926089
4274 109948439
4275 109948441
4276 109948463
4277 109948953
4278 109948954
4279 109948955
4280 109948957
4281 109948958
4282 109948961
4283 109949017
4284 109949026
4285 109949027
4286 109949029
4287 109949030
4288 109949039
4289 109949041
4290 109949043
4291 109949045
4292 109949051
4293 109949158
4294 109949162
4295 109949194
4296 109949198
4297 109949210
4298 109949213
4299 109949217
4300 109949221
4301 109949222
4302 109949223
4303 109949226
4304 109949231
4305 109949233
4306 109949255
4307 109949257
4308 109949258
4309 109949259
4310 109949261
4311 109949266
4312 109949267
4313 109949682
4314 109949683
4315 109949685
4316 109949686
4317 109949687
4318 109949698
4319 109949699
4320 109949701
4321 109950123
4322 109950126
4323 109950139
4324 109950141
4325 109950145
4326 109950151
4327 109950153
4328 109950163
4329 109950166
4330 109950167
4331 109950170
4332 109950189
4333 109950190
4334 109950191
4335 109950193
4336 109950194
4337 109950195
4338 109950197
4339 109950198
4340 109950199
4341 109950202
4342 109950203
4343 109950470
4344 109950477
4345 109950490
4346 109950491
4347 109950499
4348 109950513
4349 109950605
4350 109950618
4351 109950619
4352 109950621
4353 109950622
4354 109950623
4355 109950706
4356 109950707
4357 109950731
4358 109950742
4359 109950755
4360 109950823
4361 109950826
4362 109952213
4363 109952214
4364 109952377
4365 109952378
4366 109952381
4367 109952382
4368 109952383
4369 109952427
4370 109952431
4371 109952446
4372 109952565
4373 109952593
4374 109952598
4375 109952605
4376 109952606
4377 109952607
4378 109952693
4379 110030271
4380 110030289
4381 110030309
4382 110030311
4383 110030369
4384 110030873
4385 110030874
4386 110034599
4387 110034683
4388 110034685
4389 110034849
4390 110034854
4391 110035366
4392 110035370
4393 110035371
4394 110035373
4395 110035414
4396 110035415
4397 110035417
4398 110035418
4399 110035419
4400 110035426
4401 110035435
4402 110035479
4403 110035493
4404 110035495
4405 110035858
4406 110035942
4407 110035943
4408 110035945
4409 110035954
4410 110035955
4411 110035977
4412 110035981
4413 110035997
4414 110035999
4415 110036003
4416 110036005
4417 110036006
4418 110036009
4419 110036038
4420 110036039
4421 110036145
4422 110036146
4423 110036147
4424 110036149
4425 110036170
4426 110036171
4427 110036173
4428 110036174
4429 110036177
4430 110036179
4431 110036197
4432 110036226
4433 110036227
4434 110036231
4435 110036249
4436 110036251
4437 110036253
4438 110036399
4439 110036401
4440 110036423
4441 110036454
4442 110036455
4443 110036467
4444 110036469
4445 110036482
4446 110036483
4447 110036485
4448 110036486
4449 110036542
4450 110036555
4451 110037410
4452 110037430
4453 110037434
4454 110037439
4455 110037547
4456 110037553
4457 110037554
4458 110037557
4459 110037558
4460 110037607
4461 110037667
4462 110037671
4463 110037673
4464 110037674
4465 110037679
4466 110037702
4467 110037718
4468 110037719
4469 110037721
4470 110037722
4471 110037723
4472 110037727
4473 110037731
4474 110037737
4475 110037738
4476 110037791
4477 110037793
4478 110038061
4479 110038062
4480 110038063
4481 110038101
4482 110038907
4483 110038915
4484 110038917
4485 110038918
4486 110038933
4487 110039003
4488 110039005
4489 110039007
4490 110039015
4491 110039017
4492 110039018
4493 110039019
4494 110039026
4495 110039030
4496 110039033
4497 110039034
4498 110039041
4499 110039065
4500 110039070
4501 110039259
4502 110039261
4503 110039266
4504 110039267
4505 110039279
4506 110039285
4507 110039286
4508 110039287
4509 110039289
4510 110039290
4511 110039297
4512 110039303
4513 110039629
4514 110039630
4515 110039635
4516 110039637
4517 110039638
4518 110039639
4519 110039641
4520 110039653
4521 110039654
4522 110039655
4523 110039657
4524 110039822
4525 110039831
4526 110039833
4527 110039847
4528 110039849
4529 110039851
4530 110039858
4531 110040234
4532 110040239
4533 110040359
4534 110040361
4535 110040362
4536 110040365
4537 110040366
4538 110040373
4539 110040374
4540 110052337
4541 110052338
4542 110052374
4543 110052454
4544 110052455
4545 110052457
4546 110052463
4547 110052473
4548 110052698
4549 110052706
4550 110052707
4551 110052733
4552 110052741
4553 110052745
4554 110052751
4555 110052753
4556 110052754
4557 110052987
4558 110052989
4559 110052991
4560 110052993
4561 110052994
4562 110061103
4563 110061111
4564 110061133
4565 110061190
4566 110061191
4567 110061193
4568 110061197
4569 110061247
4570 110061249
4571 110061266
4572 110061287
4573 110061289
4574 110061293
4575 110061343
4576 110061347
4577 110061349
4578 110090666
4579 110090667
4580 110090669
4581 110090670
4582 110090677
4583 110090957
4584 110090958
4585 110090986
4586 110090987
4587 110091158
4588 110091234
4589 110091235
4590 110091237
4591 110091241
4592 110091251
4593 110091255
4594 110091257
4595 110091259
4596 110091263
4597 110091265
4598 110091266
4599 110091278
4600 110091283
4601 110101543
4602 110101546
4603 110101547
4604 110103063
4605 110103718
4606 110103719
4607 110103721
4608 110103726
4609 110103727
4610 110103729
4611 179545614
4612 179545627
4613 179545629
4614 179545651
4615 179545654
4616 179545661
4617 179545663
4618 179545665
4619 179545669
4620 179546195
4621 179546197
4622 179546314
4623 179546315
4624 179546353
4625 179546354
4626 179546357
4627 179546361
4628 179546362
4629 179546363
4630 179546365
4631 179546366
4632 179546374
4633 179546413
4634 179547179
4635 179582361
4636 179582387
4637 179582477
4638 179582491
4639 179582493
4640 179582502
4641 179582503
4642 179582566
4643 179582567
4644 179582569
4645 179582743
4646 179582745
4647 179582767
4648 179582770
4649 179582774
4650 179582781
4651 179582782
4652 179582797
4653 179582813
4654 179582818
4655 179582819
4656 179582945
4657 179582951
4658 179582953
4659 179582963
4660 179583014
4661 179583015
4662 179583033
4663 179583041
4664 179583047
4665 179585531
4666 179585533
4667 179585546
4668 179585547
4669 179585549
4670 179585551
4671 179585555
4672 179585599
4673 179585601
4674 179585610
4675 179585611
4676 179585614
4677 179585621
4678 179585634
4679 179585635
4680 179585638
4681 179585639
4682 179585641
4683 179585642
4684 179585711
4685 179585737
4686 179585738
4687 179585741
4688 179585747
4689 179586067
4690 179586069
4691 179586111
4692 179586113
4693 179586121
4694 179586129
4695 179586130
4696 179586131
4697 179586142
4698 179586165
4699 179586894
4700 179586910
4701 179586913
4702 179586993
4703 179586994
4704 179587006
4705 179587253
4706 179587258
4707 179587262
4708 179587285
4709 179587286
4710 179587289
4711 179587290
4712 179587291
4713 179587293
4714 179587299
4715 179587318
4716 179587338
4717 179587347
4718 179587366
4719 179587367
4720 179587369
4721 179588507
4722 179588513
4723 179588703
4724 179588931
4725 179588933
4726 179588937
4727 179589023
4728 179589029
4729 179589030
4730 179589035
4731 179594598
4732 179594599
4733 179594601
4734 179594618
4735 179594623
4736 179594762
4737 179594763
4738 179594799
4739 179594810
4740 179594813
4741 179594817
4742 179594823
4743 179594826
4744 179594827
4745 179594830
4746 179594831
4747 179594833
4748 179594837
4749 179594839
4750 179594846
4751 179594906
4752 179594935
4753 179594938
4754 179595041
4755 179595046
4756 179595047
4757 179595049
4758 179595142
4759 179595145
4760 179595154
4761 179595155
4762 179595157
4763 179595158
4764 179595159
4765 179595161
4766 179595169
4767 179595170
4768 179595179
4769 179595186
4770 179595253
4771 179595269
4772 179607274
4773 179607277
4774 179607278
4775 179607363
4776 179607378
4777 179607394
4778 179607395
4779 179607397
4780 179607398
4781 179607399
4782 179607401
4783 179607831
4784 179607833
4785 179607835
4786 179607839
4787 179607911
4788 179607917
4789 179607918
4790 179608033
4791 179608034
4792 179608035
4793 179608037
4794 179608042
4795 179608043
4796 179608045
4797 179608055
4798 179608087
4799 179608089
4800 179608090
4801 179608091
4802 179608105
4803 179608106
4804 179608586
4805 179608615
4806 179608619
4807 179608621
4808 179608622
4809 179608623
4810 179608638
4811 179608642
4812 179608661
4813 179608666
4814 179608677
4815 179608678
4816 179608679
4817 179608681
4818 179608682
4819 179608690
4820 179608706
4821 179608709
4822 179608710
4823 179608745
4824 179608746
4825 179608747
4826 179608785
4827 179609098
4828 179609117
4829 179609167
4830 179609169
4831 179609177
4832 179609183
4833 179609185
4834 179609186
4835 179609187
4836 179609195
4837 179609199
4838 179609201
4839 179609210
4840 179609231
4841 179609233
4842 179609299
4843 179609302
4844 179609514
4845 179609515
4846 179609518
4847 179609522
4848 179609531
4849 179609533
4850 179609534
4851 179609537
4852 179609538
4853 179609554
4854 179609555
4855 179609557
4856 179609561
4857 179609601
4858 179609602
4859 179609603
4860 179609637
4861 179609638
4862 179609639
4863 179609641
4864 179609642
4865 179609645
4866 179609655
4867 179609666
4868 179609667
4869 179609717
4870 179609723
4871 179613377
4872 179613379
4873 179613381
4874 179613382
4875 179613383
4876 179613385
4877 179613386
4878 179613471
4879 179613473
4880 179613474
4881 179613478
4882 179613479
4883 179613481
4884 179613482
4885 179613483
4886 179613485
4887 179613487
4888 179613493
4889 179613503
4890 179613510
4891 179613511
4892 179613569
4893 179613570
4894 179613578
4895 179613617
4896 179613618
4897 179613619
4898 179613622
4899 179613634
4900 179613638
4901 179613649
4902 179613651
4903 179613662
4904 179613663
4905 179613679
4906 179613681
4907 179613685
4908 179613686
4909 179613687
4910 179613689
4911 179613690
4912 179613710
4913 179613713
4914 179613715
4915 179613865
4916 179613866
4917 179613874
4918 179613877
4919 179613881
4920 179613889
4921 179613890
4922 179613893
4923 179613894
4924 179613906
4925 179613907
4926 179613911
4927 179613913
4928 179613917
4929 179613926
4930 179613931
4931 179613933
4932 179613946
4933 179613969
4934 179613974
4935 179613979
4936 179613982
4937 179613986
4938 179613987
4939 179613989
4940 179613991
4941 179613993
4942 179614003
4943 179614051
4944 179614054
4945 179614055
4946 179614102
4947 179614103
4948 179614105
4949 179615217
4950 179615221
4951 179615222
4952 179615589
4953 179615590
4954 179615597
4955 179615598
4956 179615599
4957 179615603
4958 179615605
4959 179615606
4960 179615614
4961 179615615
4962 179615621
4963 179615622
4964 179615630
4965 179615793
4966 179615959
4967 179615965
4968 179615966
4969 179615967
4970 179615969
4971 179615971
4972 179615981
4973 179615982
4974 179615983
4975 179615993
4976 179616002
4977 179616003
4978 179616009
4979 179616010
4980 179616011
4981 179616047
4982 179616049
4983 179616058
4984 179616070
4985 179616077
4986 179616082
4987 179616086
4988 179616091
4989 179616095
4990 179616169
4991 179616183
4992 179616185
4993 179616187
4994 179616191
4995 179616193
4996 179616194
4997 179616197
4998 179616198
4999 179616202
5000 179616203
5001 179625034
5002 179625153
5003 179625154
5004 179625155
5005 179625171
5006 179625173
5007 179625174
5008 179625178
5009 179625182
5010 179625183
5011 179625185
5012 179625187
5013 179625207
5014 179625209
5015 179625210
5016 179625215
5017 179625234
5018 179625235
5019 179625905
5020 179625907
5021 179626090
5022 179626091
5023 179626110
5024 179626114
5025 179626118
5026 179626119
5027 179626146
5028 179626153
5029 179626154
5030 179626155
5031 179626190
5032 179626201
5033 179626237
5034 179626271
5035 179626291
5036 179626297
5037 179626417
5038 179626515
5039 179626517
5040 179626519
5041 179626529
5042 179629054
5043 179629055
5044 179629079
5045 179629081
5046 179629087
5047 179629089
5048 179629127
5049 179629138
5050 179629162
5051 179629163
5052 179629165
5053 179629771
5054 179629773
5055 179629774
5056 179629777
5057 179629837
5058 179629845
5059 179629846
5060 179629863
5061 179629865
5062 179629898
5063 179629977
5064 179637311
5065 179637362
5066 179637511
5067 179637513
5068 179637514
5069 179637515
5070 179637517
5071 179637518
5072 179637519
5073 179637523
5074 179637526
5075 179637527
5076 179637529
5077 179637537
5078 179637538
5079 179637549
5080 179637566
5081 179637567
5082 179639503
5083 179639513
5084 179639518
5085 179639519
5086 179639789
5087 179646782
5088 179646783
5089 179646793
5090 179646794
5091 179647411
5092 179647471
5093 179659482
5094 179659483
5095 179659486
5096 179659490
5097 179659522
5098 179659523
5099 179659526
5100 179659527
5101 179659531
5102 179659542
5103 179668766
5104 179668767
5105 179668769
5106 179668770
5107 179668861
5108 179668862
5109 179668865
5110 179668866
5111 179669037
5112 179669101
5113 179669137
5114 179669262
5115 179669263
5116 179669274
5117 179669278
5118 179669282
5119 179669283
5120 179669285
5121 179669310
5122 179669311
5123 179669345
5124 179669363
5125 179669369
5126 179669370
5127 179669371
5128 179669373
5129 179669374
5130 179669377
5131 179669393
5132 179669395
5133 179669454
5134 179669455
5135 179669463
5136 179669465
5137 179669467
5138 179669506
5139 179669514
5140 179669515
5141 179669517
5142 179669518
5143 179669519
5144 179669522
5145 179669523
5146 179669539
5147 179669541
5148 179669553
5149 179669557
5150 179669570
5151 179669571
5152 179669573
5153 179669577
5154 179669578
5155 179669582
5156 179669590
5157 179673519
5158 179673523
5159 179673531
5160 179673547
5161 179673549
5162 179673551
5163 179673555
5164 179673569
5165 179673614
5166 179673617
5167 179673631
5168 179673658
5169 179673659
5170 179673710
5171 179673711
5172 179673713
5173 179673715
5174 179673717
5175 179673721
5176 179673722
5177 179673726
5178 179673733
5179 179673851
5180 179673887
5181 179673889
5182 179673890
5183 179673891
5184 179673897
5185 179673898
5186 179673899
5187 179673902
5188 179673905
5189 179676817
5190 179676818
5191 179676823
5192 179676827
5193 179676897
5194 179676898
5195 179677005
5196 179677023
5197 179677037
5198 179677038
5199 179677083
5200 179677177
5201 179677239
5202 179704086
5203 179704209
5204 179704210
5205 179704226
5206 179704227
5207 179704243
5208 179704245
5209 179704247
5210 179704249
5211 179704354
5212 179704489
5213 179704490
5214 179704491
5215 179704493
5216 179704495
5217 179704502
5218 179704507
5219 179704513
5220 179704517
5221 179704531
5222 179704533
5223 179705082
5224 179705087
5225 179705119
5226 179706095
5227 179706097
5228 179706101
5229 179706106
5230 179706107
5231 179706235
5232 179727205
5233 179727206
5234 179727207
5235 179727267
5236 179727433
5237 179728422
5238 179728426
5239 179728430
5240 179728489
5241 179728863
5242 179728869
5243 179728870
5244 179728883
5245 179728887
5246 179728889
5247 179728934
5248 179728935
5249 179728937
5250 179728945
5251 179728954
5252 179728955
5253 179728959
5254 179728966
5255 179728987
5256 179729119
5257 179729121
5258 179729122
5259 179729129
5260 179729130
5261 179729195
5262 179729374
5263 179729377
5264 179729378
5265 179729381
5266 179729382
5267 179729457
5268 179729458
5269 179729459
5270 179729461
5271 179729471
5272 179729490
5273 179729491
5274 179729493
5275 179729494
5276 179729495
5277 179729497
5278 179729498
5279 179729499
5280 179729531
5281 179729533
5282 179730067
5283 179730069
5284 179730070
5285 179730071
5286 179730073
5287 179730074
5288 179730077
5289 179730082
5290 179730086
5291 179730087
5292 179730094
5293 179730105
5294 179730127
5295 179730129
5296 179730134
5297 179730141
5298 179730142
5299 179730238
5300 179730246
5301 179730385
5302 179730386
5303 179730422
5304 179730426
5305 179730494
5306 179730497
5307 179730503
5308 179730505
5309 179730506
5310 179730507
5311 179730647
5312 179730649
5313 179730651
5314 179730658
5315 179730669
5316 179730691
5317 179730849
5318 179730851
5319 179730861
5320 179730862
5321 179730863
5322 179730865
5323 179732038
5324 179732039
5325 179736194
5326 179736195
5327 179736197
5328 179736581
5329 179736582
5330 179736695
5331 179736699
5332 179736755
5333 179736757
5334 179736765
5335 179736774
5336 179736778
5337 179736779
5338 179736783
5339 179736785
5340 179737226
5341 179737262
5342 179737265
5343 179737294
5344 179737295
5345 179737297
5346 179737327
5347 179737329
5348 179737337
5349 179738083
5350 179738085
5351 179738086
5352 179738087
5353 179738089
5354 179738094
5355 179738095
5356 179738097
5357 179738098
5358 179738107
5359 179738110
5360 179738111
5361 179738302
5362 179738306
5363 179738335
5364 179738337
5365 179738338
5366 179738339
5367 179738341
5368 179738346
5369 179738347
5370 179738353
5371 179738357
5372 179738367
5373 179738389
5374 179738390
5375 179738391
5376 179738393
5377 179738394
5378 179738585
5379 179738587
5380 179738591
5381 179738605
5382 179738606
5383 179738607
5384 179738609
5385 179738610
5386 179738611
5387 179738614
5388 179738617
5389 179739901
5390 179739919
5391 179739931
5392 179739941
5393 179739942
5394 179739943
5395 179739946
5396 179739947
5397 179739949
5398 179739958
5399 179740254
5400 179740255
5401 179740259
5402 179740270
5403 179740271
5404 179740273
5405 179740274
5406 179740342
5407 179741082
5408 179741083
5409 179741111
5410 179741113
5411 179741119
5412 179741127
5413 179741129
5414 179741159
5415 179741161
5416 179741162
5417 179741165
5418 179741469
5419 179741494
5420 179741510
5421 179741515
5422 179741591
5423 179741593
5424 179742585
5425 179742586
5426 179742587
5427 179742589
5428 179742590
5429 179742595
5430 179742597
5431 179742598
5432 179742813
5433 179742857
5434 179742898
5435 179742910
5436 179742914
5437 179742917
5438 179745126
5439 179745127
5440 179745130
5441 179745185
5442 179745186
5443 179745187
5444 179745202
5445 179745429
5446 179745433
5447 179745443
5448 179745447
5449 179748482
5450 179748487
5451 179748854
5452 179748859
5453 179748861
5454 179748865
5455 179748877
5456 179748878
5457 179748901
5458 179748985
5459 179748986
5460 179748994
5461 179748995
5462 179749011
5463 179749013
5464 179749021
5465 179749022
5466 179749023
5467 179749030
5468 179749031
5469 179749039
5470 179749045
5471 179749046
5472 179749047
5473 179749049
5474 179749055
5475 179749057
5476 179749067
5477 179749069
5478 179749070
5479 179749082
5480 179749086
5481 179749087
5482 179749090
5483 179749094
5484 179749121
5485 179749126
5486 179749127
5487 179749133
5488 179749157
5489 179749171
5490 179750369
5491 179750370
5492 179750481
5493 179750482
5494 179750510
5495 179750537
5496 179750539
5497 179750541
5498 179750710
5499 179750711
5500 179750717
5501 179750734
5502 179750735
5503 179750739
5504 179750741
5505 179750742
5506 179750770
5507 179750791
5508 179750793
5509 179750794
5510 179750795
5511 179750797
5512 179750798
5513 179750863
5514 179750866
5515 179750870
5516 179750873
5517 179750874
5518 179750923
5519 179750939
5520 179750958
5521 179750959
5522 179750962
5523 179750967
5524 179750969
5525 179750999
5526 179751001
5527 179751002
5528 179751003
5529 179751005
5530 179751007
5531 179751009
5532 179751010
5533 179751019
5534 179751023
5535 179751027
5536 179751029
5537 179751089
5538 179751090
5539 179751162
5540 179751163
5541 179751254
5542 179751255
5543 179751259
5544 179751261
5545 179751265
5546 179751266
5547 179751315
5548 179751317
5549 179751318
5550 179752334
5551 179752337
5552 179752349
5553 179752451
5554 179752690
5555 179752691
5556 179752693
5557 179752701
5558 179752834
5559 179753845
5560 179753846
5561 179753847
5562 179753851
5563 179753861
5564 179753878
5565 179754121
5566 179754122
5567 179754141
5568 179754166
5569 179754181
5570 179754182
5571 179754190
5572 179754194
5573 179754206
5574 179754221
5575 179754226
5576 179754227
5577 179754229
5578 179757095
5579 179757101
5580 179757102
5581 179757103
5582 179757105
5583 179757106
5584 179757110
5585 179757111
5586 179757113
5587 179757114
5588 179757115
5589 179757118
5590 179757151
5591 179757163
5592 179757170
5593 179757179
5594 179757181
5595 179757182
5596 179757187
5597 179757190
5598 179757194
5599 179757195
5600 179757239
5601 179757283
5602 179757285
5603 179757289
5604 179757327
5605 179757329
5606 179757330
5607 179757345
5608 179758090
5609 179758155
5610 179758157
5611 179758183
5612 179758185
5613 179758189
5614 179758199
5615 179758253
5616 179758257
5617 179758277
5618 179758279
5619 179758281
5620 179758282
5621 179758283
5622 179758285
5623 179758294
5624 179758321
5625 179758322
5626 179758327
5627 179758329
5628 179758333
5629 179758337
5630 179758338
5631 179758381
5632 179758382
5633 179758410
5634 179758414
5635 179758435
5636 179758482
5637 179758483
5638 179758486
5639 179777258
5640 179777283
5641 179777291
5642 179777293
5643 179777611
5644 179777615
5645 179777617
5646 179777618
5647 179777621
5648 179777622
5649 179777814
5650 179777829
5651 179777837
5652 179777838
5653 179777839
5654 179777841
5655 179777842
5656 179777843
5657 179777845
5658 179777846
5659 179777847
5660 179777849
5661 179777851
5662 179777857
5663 179777858
5664 179777859
5665 179777861
5666 179777863
5667 179777865
5668 179777866
5669 179777883
5670 179777885
5671 179777886
5672 179778066
5673 179778067
5674 179778070
5675 179778071
5676 179778073
5677 179778074
5678 179778143
5679 179778151
5680 179778197
5681 179778210
5682 179778211
5683 179778227
5684 179778234
5685 179778238
5686 179778239
5687 179778241
5688 179778271
5689 179778381
5690 179778382
5691 179778386
5692 179778430
5693 179778434
5694 179778435
5695 179778463
5696 179778469
5697 179778470
5698 179778471
5699 179778473
5700 179781567
5701 179781586
5702 179781587
5703 179781589
5704 179781590
5705 179808722
5706 179808729
5707 179808757
5708 179808758
5709 179808763
5710 179808767
5711 179808799
5712 179808803
5713 179808814
5714 179808815
5715 179808817
5716 179808821
5717 179808823
5718 179808841
5719 179823670
5720 179823761
5721 179824033
5722 179824039
5723 179824042
5724 179824082
5725 179824083
5726 179824085
5727 179824093
5728 179824098
5729 179824117
5730 179824118
5731 179824119
5732 179824121
5733 179824123
5734 179824126
5735 179824134
5736 179824135
5737 179824137
5738 179824138
5739 179824870
5740 179824871
5741 179824919
5742 179824933
5743 179824991
5744 179824993
5745 179824999
5746 179825001
5747 179825378
5748 179825393
5749 179825403
5750 179825407
5751 179825410
5752 179825411
5753 179825413
5754 179825519
5755 179825521
5756 179825539
5757 179825547
5758 179825549
5759 179825551
5760 179825554
5761 179825555
5762 179825557
5763 179825558
5764 179825563
5765 179825583
5766 179825653
5767 179825654
5768 179825658
5769 179825686
5770 179825687
5771 179825707
5772 179825890
5773 179825938
5774 179825939
5775 179825941
5776 179825942
5777 179825983
5778 179825991
5779 179825993
5780 179826007
5781 179826018
5782 179827690
5783 179827694
5784 179827701
5785 179827702
5786 179827726
5787 179827774
5788 179827779
5789 179827798
5790 179827799
5791 179827801
5792 179828095
5793 179828222
5794 179828233
5795 179828234
5796 179828237
5797 179828286
5798 179828287
5799 179828342
5800 179828345
5801 179828346
5802 179828347
5803 179828353
5804 179828354
5805 179828355
5806 179828357
5807 179828358
5808 179828359
5809 179828362
5810 179828485
5811 179828486
5812 179829139
5813 179829141
5814 179829301
5815 179829302
5816 179829303
5817 179829309
5818 179829310
5819 179829330
5820 179829487
5821 179829489
5822 179829490
5823 179829494
5824 179829497
5825 179829501
5826 179829719
5827 179829734
5828 179829735
5829 179829741
5830 179829762
5831 179829770
5832 179842177
5833 179842178
5834 179842181
5835 179842182
5836 179842183
5837 179842189
5838 179842198
5839 179842199
5840 179842273
5841 179842278
5842 179842310
5843 179842313
5844 179842314
5845 179842315
5846 179842317
5847 179842321
5848 179842387
5849 179842389
5850 179842393
5851 179842398
5852 179842399
5853 179842402
5854 179842403
5855 179842405
5856 179842409
5857 179842431
5858 179842474
5859 179842477
5860 179842485
5861 179842762
5862 179842763
5863 179842778
5864 179842790
5865 179842909
5866 179842910
5867 179842921
5868 179842933
5869 179842937
5870 179842938
5871 179842939
5872 179842967
5873 179842974
5874 179842983
5875 179842987
5876 179842991
5877 179842999
5878 179843001
5879 179843002
5880 179843003
5881 179843005
5882 179843006
5883 179843017
5884 179843018
5885 179843033
5886 179843146
5887 179843153
5888 179843154
5889 179843155
5890 179843158
5891 179843315
5892 179845270
5893 179845271
5894 179845273
5895 179845279
5896 179845282
5897 179845305
5898 179845309
5899 179845331
5900 179845333
5901 179845334
5902 179845338
5903 179845342
5904 179845346
5905 179845889
5906 179845897
5907 179845898
5908 179845917
5909 179845918
5910 179845926
5911 179845927
5912 179845931
5913 179845933
5914 179846197
5915 179846202
5916 179846830
5917 179846834
5918 179846835
5919 179846837
5920 179846839
5921 179846841
5922 179846842
5923 179846843
5924 179846845
5925 179846846
5926 179846849
5927 179846987
5928 179847242
5929 179847245
5930 179847255
5931 179847257
5932 179847273
5933 179847285
5934 179847286
5935 179847287
5936 179847289
5937 179847290
5938 179847291
5939 179847293
5940 179847330
5941 179847331
5942 179847667
5943 179847669
5944 179847674
5945 179847677
5946 179849147
5947 179849149
5948 179849153
5949 179849154
5950 179849155
5951 179849345
5952 179849347
5953 179849351
5954 179849357
5955 179849359
5956 179849361
5957 179849365
5958 179849366
5959 179849383
5960 179849389
5961 179849390
5962 179849391
5963 179849397
5964 179849505
5965 179849527
5966 179849630
5967 179849633
5968 179849638
5969 179849639
5970 179849641
5971 179849642
5972 179849662
5973 179849663
5974 179849665
5975 179849669
5976 179849683
5977 179849685
5978 179849723
5979 179849726
5980 179849734
5981 179849735
5982 179849737
5983 179849766
5984 179849777
5985 179849791
5986 179849814
5987 179849815
5988 179849821
5989 179849822
5990 179849823
5991 179849833
5992 179849834
5993 179849901
5994 179849918
5995 179849919
5996 179849921
5997 179850102
5998 179850166
5999 179850187
6000 179850193
6001 179850233
6002 179850238
6003 179850239
6004 179850241
6005 179850781
6006 179850803
6007 179850805
6008 179850810
6009 179850909
6010 179851206
6011 179851207
6012 179851277
6013 179851278
6014 179851282
6015 179851287
6016 179851295
6017 179851363
6018 179851366
6019 179851385
6020 179858233
6021 179858234
6022 179858235
6023 179858239
6024 179858245
6025 179858249
6026 179866797
6027 179866798
6028 179866801
6029 179866802
6030 179866842
6031 179866847
6032 179866939
6033 179866941
6034 179867119
6035 179867121
6036 179867122
6037 179867127
6038 179867129
6039 179867130
6040 179867138
6041 179867139
6042 179867217
6043 179867227
6044 179867229
6045 179867233
6046 179867245
6047 179867265
6048 179867266
6049 179867267
6050 179867269
6051 179867270
6052 179867271
6053 179867273
6054 179867279
6055 179867281
6056 179867282
6057 179867283
6058 179867285
6059 179867287
6060 179867290
6061 179867382
6062 179867419
6063 179867422
6064 179867427
6065 179867823
6066 179867827
6067 179867833
6068 179867834
6069 179867837
6070 179867841
6071 179867869
6072 179867870
6073 179867873
6074 179867874
6075 179867966
6076 179868014
6077 179868017
6078 179868018
6079 179868026
6080 179868027
6081 179868029
6082 179868030
6083 179868031
6084 179868038
6085 179868039
6086 179868041
6087 179868046
6088 179868306
6089 179868317
6090 179868319
6091 179868338
6092 179868349
6093 179868351
6094 179868359
6095 179868369
6096 179868370
6097 179868374
6098 179868377
6099 179868378
6100 179868379
6101 179868518
6102 179868530
6103 179883469
6104 179883470
6105 179883491
6106 179883493
6107 179883511
6108 179909123
6109 179909151
6110 179909174
6111 179909177
6112 179909178
6113 179909179
6114 179909182
6115 179909183
6116 179909198
6117 179909255
6118 179909279
6119 179909653
6120 179909654
6121 179909705
6122 179909706
6123 179909707
6124 179909734
6125 179910838
6126 179910853
6127 179910861
6128 179910867
6129 179910901
6130 179910905
6131 179911146
6132 179911151
6133 179911153
6134 179911154
6135 179911155
6136 179911163
6137 179911167
6138 179911169
6139 179911171
6140 179911381
6141 179911385
6142 179911387
6143 179911402
6144 179911421
6145 179911423
6146 179911435
6147 179911437
6148 179911447
6149 179911457
6150 179911461
6151 179911462
6152 179911470
6153 179911703
6154 179911705
6155 179911706
6156 179911707
6157 179911713
6158 179911723
6159 179911726
6160 179911727
6161 179911731
6162 179911739
6163 179911743
6164 179911770
6165 179911771
6166 179911795
6167 179911894
6168 179911895
6169 179911906
6170 179911915
6171 179911923
6172 179911934
6173 179911941
6174 179911942
6175 179911954
6176 179911955
6177 179911957
6178 179911958
6179 179911966
6180 179911967
6181 179911973
6182 179912327
6183 179912329
6184 179912335
6185 179912337
6186 179912365
6187 179912373
6188 179912374
6189 179912377
6190 179912378
6191 179912399
6192 179912405
6193 179912406
6194 179912623
6195 179912647
6196 179912649
6197 179912651
6198 179912657
6199 179912661
6200 179912662
6201 179912665
6202 179912787
6203 179912789
6204 179912791
6205 179912883
6206 179912885
6207 179912886
6208 179912901
6209 179912926
6210 179912937
6211 179912947
6212 179913401
6213 179914198
6214 179914199
6215 179914205
6216 179914206
6217 179914207
6218 179914222
6219 179914223
6220 179914386
6221 179914387
6222 179914389
6223 179914390
6224 179914391
6225 179919746
6226 179919749
6227 360426327
6228 360426333
6229 360426337
6230 360430994
6231 360430995
6232 360431027
6233 360431043
6234 360431051
6235 360431053
6236 360431071
6237 360431074
6238 360431077
6239 360431078
6240 360431083
6241 360431085
6242 360431086
6243 360431087
6244 360431093
6245 360431099
6246 360431101
6247 360431102
6248 360431103
6249 360431105
6250 360431106
6251 360431111
6252 360431130
6253 360431131
6254 360431143
6255 360431149
6256 360431155
6257 360431157
6258 360431179
6259 360431182
6260 360431373
6261 360431405
6262 360431414
6263 360431419
6264 360431423
6265 360431483
6266 360431493
6267 360431494
6268 360431562
6269 360431563
6270 360431565
6271 360431566
6272 360431567
6273 360431585
6274 360431606
6275 360431758
6276 360431759
6277 360431785
6278 360432317
6279 360432321
6280 360432326
6281 360432327
6282 360432329
6283 360432330
6284 360432331
6285 360432637
6286 360432645
6287 360432934
6288 360432935
6289 360432937
6290 360432943
6291 360432957
6292 360432958
6293 360432983
6294 360432986
6295 360432987
6296 360433023
6297 360433045
6298 360433049
6299 360433063
6300 360433079
6301 360433118
6302 360433146
6303 360433147
6304 360433149
6305 360433151
6306 360433153
6307 360433154
6308 360433155
6309 360433157
6310 360433158
6311 360433159
6312 360433177
6313 360433186
6314 360433187
6315 360433189
6316 360433195
6317 360433198
6318 360433298
6319 360433302
6320 360433371
6321 360433378
6322 360433379
6323 360433441
6324 360433442
6325 360433443
6326 360433445
6327 360433451
6328 360434310
6329 360434311
6330 360434314
6331 360434315
6332 360434317
6333 360434318
6334 360434327
6335 360434338
6336 360434357
6337 360434359
6338 360434361
6339 360434365
6340 360434382
6341 360434383
6342 360434395
6343 360434462
6344 360434463
6345 360434471
6346 360434473
6347 360434474
6348 360434482
6349 360434483
6350 360434485
6351 360434841
6352 360434861
6353 360434863
6354 360434865
6355 360434941
6356 360434942
6357 360434958
6358 360434963
6359 360434981
6360 360434987
6361 360434989
6362 360434990
6363 360434991
6364 360434995
6365 360434998
6366 360435005
6367 360435007
6368 360435009
6369 360436110
6370 360436114
6371 360436115
6372 360436117
6373 360436123
6374 360436126
6375 360465794
6376 360465799
6377 360465807
6378 360465853
6379 360465871
6380 360466494
6381 360466495
6382 360466601
6383 360466602
6384 360466603
6385 360466606
6386 360466607
6387 360466609
6388 360466610
6389 360466611
6390 360466613
6391 360466654
6392 360466655
6393 360466657
6394 360466658
6395 360466661
6396 360466662
6397 360466663
6398 360466673
6399 360466674
6400 360466683
6401 360466685
6402 360466689
6403 360466690
6404 360466693
6405 360466694
6406 360466697
6407 360466698
6408 360466699
6409 360466703
6410 360466765
6411 360466766
6412 360466771
6413 360466817
6414 360466818
6415 360466855
6416 360466995
6417 360466999
6418 360467558
6419 360467561
6420 360467695
6421 360467702
6422 360467706
6423 360468886
6424 360468911
6425 360468965
6426 360468966
6427 360468971
6428 360468986
6429 360468987
6430 360468993
6431 360468994
6432 360469327
6433 360469329
6434 360469338
6435 360469339
6436 360469342
6437 360469343
6438 360469345
6439 360469346
6440 360469347
6441 360469349
6442 360469351
6443 360469353
6444 360469354
6445 360469461
6446 360469462
6447 360469463
6448 360469465
6449 360469470
6450 360469471
6451 360469479
6452 360469511
6453 360469538
6454 360469563
6455 360469574
6456 360469577
6457 360469609
6458 360469622
6459 360469649
6460 360469657
6461 360469690
6462 360469693
6463 360469731
6464 360469734
6465 360469735
6466 360469770
6467 360469778
6468 360469779
6469 360469787
6470 360469793
6471 360469794
6472 360469795
6473 360469799
6474 360469803
6475 360469830
6476 360469831
6477 360469843
6478 360469849
6479 360470267
6480 360470287
6481 360470289
6482 360470290
6483 360470298
6484 360470307
6485 360470309
6486 360470310
6487 360470311
6488 360470355
6489 360470361
6490 360470363
6491 360470405
6492 360470406
6493 360470407
6494 360470410
6495 360470414
6496 360470435
6497 360470437
6498 360514469
6499 360514470
6500 360515451
6501 360515474
6502 360515479
6503 360515481
6504 360515482
6505 360515513
6506 360515519
6507 360515521
6508 360515522
6509 360515523
6510 360517603
6511 360517618
6512 360517619
6513 360517621
6514 360517622
6515 360517623
6516 360517691
6517 360517695
6518 360517697
6519 360517705
6520 360517706
6521 360517709
6522 360524626
6523 360524627
6524 360524641
6525 360524642
6526 360524643
6527 360524657
6528 360524662
6529 360524663
6530 360524665
6531 360524666
6532 360524670
6533 360712201
6534 360712202
6535 360712210
6536 360712218
6537 360712222
6538 360712241
6539 360712246
6540 360712247
6541 360712277
6542 360712286
6543 360712361
6544 360712378
6545 360712379
6546 360712381
6547 360712403
6548 360713126
6549 360713127
6550 360713189
6551 360713190
6552 360713191
6553 360713193
6554 360713194
6555 360713195
6556 360713197
6557 360713198
6558 360713199
6559 360713201
6560 360713202
6561 360713289
6562 360713290
6563 360713291
6564 360713293
6565 360713309
6566 360713311
6567 360713354
6568 360713359
6569 360713415
6570 360713417
6571 360713418
6572 360713435
6573 360713499
6574 360713501
6575 360713503
6576 360713507
6577 360713546
6578 360713551
6579 360713735
6580 360713742
6581 360713743
6582 360713746
6583 360713747
6584 360713757
6585 360713761
6586 360713766
6587 360713842
6588 360713845
6589 360713859
6590 360713861
6591 360713866
6592 360713895
6593 360713897
6594 360713899
6595 360713901
6596 360713902
6597 360713903
6598 360713906
6599 360713909
6600 360713910
6601 360713917
6602 360713921
6603 360714251
6604 360714253
6605 360714295
6606 360714297
6607 360714298
6608 360714299
6609 360714301
6610 360714306
6611 360714331
6612 360714337
6613 360714345
6614 360714353
6615 360714354
6616 360714355
6617 360714377
6618 360714385
6619 360715205
6620 360715222
6621 360715223
6622 360715226
6623 360715241
6624 360715242
6625 360715243
6626 360715865
6627 360715866
6628 360715867
6629 360715877
6630 360715879
6631 360715881
6632 360715894
6633 360715895
6634 360715917
6635 360715918
6636 360715922
6637 360715926
6638 360715927
6639 360715929
6640 360715930
6641 360715953
6642 360715954
6643 360715955
6644 360716018
6645 360716023
6646 360716026
6647 360716037
6648 360716038
6649 360716045
6650 360716267
6651 360716271
6652 360716773
6653 360716953
6654 360716983
6655 360716989
6656 360716999
6657 360717001
6658 360717059
6659 360717061
6660 360717065
6661 360717083
6662 360717179
6663 360717591
6664 360717609
6665 360717610
6666 360717614
6667 360717617
6668 360717621
6669 360717626
6670 360717695
6671 360717791
6672 360717797
6673 360717803
6674 360717815
6675 360717826
6676 360718013
6677 360718014
6678 360718041
6679 360718042
6680 360718046
6681 360718053
6682 360718063
6683 360718217
6684 360718222
6685 360718278
6686 360718307
6687 360718321
6688 360718322
6689 360718331
6690 360718339
6691 360718343
6692 360718401
6693 360718447
6694 360718451
6695 360718458
6696 455714027
6697 455714029
6698 455714221
6699 455714227
6700 455714229
6701 455714230
6702 455714234
6703 455714237
6704 455714238
6705 455714241
6706 455714242
6707 455714243
6708 455714245
6709 455714247
6710 455714249
6711 455716039
6712 455716058
6713 455716066
6714 455716067
6715 455716069
6716 455716070
6717 455716073
6718 455716106
6719 455716117
6720 455716122
6721 455716123
6722 455716126
6723 455716127
6724 455716130
6725 455716141
6726 455716313
6727 455716370
6728 455716373
6729 455716374
6730 455716378
6731 455716379
6732 455716383
6733 455716385
6734 455716393
6735 455716497
6736 455716934
6737 455716937
6738 455716938
6739 455716939
6740 455716965
6741 455716973
6742 455716974
6743 455716977
6744 455716978
6745 455716979
6746 455716981
6747 455716982
6748 455716986
6749 455717005
6750 455717019
6751 455717021
6752 455717022
6753 455717027
6754 455717029
6755 455717030
6756 455717031
6757 455717037
6758 455717215
6759 455717237
6760 455717238
6761 455717243
6762 455717674
6763 455717677
6764 455717681
6765 455717683
6766 455717693
6767 455717694
6768 455717698
6769 455717699
6770 455717705
6771 455717710
6772 455717711
6773 455717879
6774 455717891
6775 455717893
6776 455717915
6777 455717917
6778 455718029
6779 455718030
6780 455718034
6781 455718038
6782 455718335
6783 455718337
6784 455718345
6785 455718346
6786 455718354
6787 455718355
6788 455718358
6789 455718359
6790 455718427
6791 455718430
6792 455718441
6793 455718445
6794 455718561
6795 455718565
6796 455718574
6797 455718577
6798 455718578
6799 455718579
6800 455718585
6801 455718603
6802 455718623
6803 455718626
6804 455718634
6805 455718683
6806 455718685
6807 455718706
6808 455718707
6809 455718709
6810 455718710
6811 455718711
6812 455718723
6813 455718727
6814 455718729
6815 455718730
6816 455718734
6817 455719063
6818 455719065
6819 455719066
6820 455719067
6821 455719069
6822 455719073
6823 455719085
6824 455719179
6825 455719183
6826 455719190
6827 455719201
6828 455719211
6829 455719253
6830 455719254
6831 455719255
6832 455719258
6833 455719259
6834 455719261
6835 455719262
6836 455720309
6837 455721883
6838 455721886
6839 455721902
6840 455721922
6841 455721923
6842 455721965
6843 455721977
6844 455722021
6845 455722022
6846 455722023
6847 455722043
6848 455722055
6849 455722061
6850 455722066
6851 455722105
6852 455722106
6853 455722111
6854 455722129
6855 455722130
6856 455722138
6857 455722139
6858 455722217
6859 455722262
6860 455722265
6861 455722269
6862 455722307
6863 455722331
6864 455722333
6865 455722334
6866 455722339
6867 455722343
6868 455722359
6869 455722365
6870 455722381
6871 455722382
6872 455722383
6873 455722413
6874 455722431
6875 455722433
6876 455722435
6877 455722437
6878 455722446
6879 455722457
6880 455722458
6881 455722467
6882 455722469
6883 455722498
6884 455722499
6885 455722501
6886 455722514
6887 455722517
6888 455722518
6889 455722519
6890 455722539
6891 455722541
6892 455722567
6893 455722621
6894 455723131
6895 455723165
6896 455723166
6897 455723167
6898 455723183
6899 455723185
6900 455723186
6901 455723210
6902 455723211
6903 455723213
6904 455723214
6905 455723259
6906 455723261
6907 455723263
6908 455723283
6909 455723285
6910 455723286
6911 455723287
6912 455723295
6913 455723297
6914 455723299
6915 455723434
6916 455723489
6917 455723519
6918 455723527
6919 455723531
6920 455723542
6921 455723549
6922 455723551
6923 455723555
6924 455723563
6925 455723567
6926 455723570
6927 455723585
6928 455723589
6929 455723590
6930 455723598
6931 455723606
6932 455723610
6933 455723655
6934 455723661
6935 455723662
6936 455723666
6937 455723669
6938 455723679
6939 455723713
6940 455723714
6941 455723715
6942 455723719
6943 455723722
6944 455723742
6945 455723759
6946 455723905
6947 455723913
6948 455723914
6949 455724067
6950 455724069
6951 455724077
6952 455724091
6953 455724093
6954 455724106
6955 455724110
6956 455724195
6957 455724197
6958 455724199
6959 455725821
6960 455732054
6961 455732057
6962 455732159
6963 455732161
6964 455732182
6965 455732189
6966 455732191
6967 455732961
6968 455732962
6969 455732963
6970 455732967
6971 455732969
6972 455732970
6973 455732974
6974 455732981
6975 455732986
6976 455733029
6977 455733033
6978 455733034
6979 455733035
6980 455733037
6981 455733041
6982 455733046
6983 455733073
6984 455733074
6985 455733077
6986 455733078
6987 455733079
6988 455733193
6989 455733241
6990 455733253
6991 455733374
6992 455733377
6993 455733382
6994 455735674
6995 455735798
6996 455735801
6997 455735823
6998 455735827
6999 455735831
7000 455735845
7001 455736829
7002 455736934
7003 455736935
7004 455736945
7005 455736947
7006 455736949
7007 455736955
7008 455736957
7009 455736963
7010 455736965
7011 455736966
7012 455736967
7013 455736970
7014 455737030
7015 455737031
7016 455737033
7017 455737090
7018 455737097
7019 455737098
7020 455737106
7021 455737110
7022 455739339
7023 455739341
7024 455739355
7025 455779759
7026 455779761
7027 455779762
7028 455779769
7029 455779774
7030 455779777
7031 455785615
7032 455785617
7033 455785730
7034 455785737
7035 455785738
7036 455785782
7037 455785797
7038 455785798
7039 455785801
7040 455785802
7041 455785810
7042 455785811
7043 455785818
7044 455785819
7045 455785877
7046 455785878
7047 455785917
7048 455785918
7049 455785919
7050 455785923
7051 455785926
7052 455786035
7053 455786038
7054 455786039
7055 455786041
7056 455786074
7057 455786077
7058 455786106
7059 455786107
7060 455786113
7061 455786117
7062 455786119
7063 455786121
7064 455786122
7065 455786141
7066 455786147
7067 455786174
7068 455786186
7069 455786187
7070 455786189
7071 455786193
7072 455786194
7073 455786222
7074 455786223
7075 455786227
7076 455786229
7077 455786230
7078 455786234
7079 455786239
7080 455786246
7081 455786247
7082 455786249
7083 455786251
7084 455786257
7085 455786258
7086 455786457
7087 455786458
7088 455786459
7089 455786470
7090 455786834
7091 455786842
7092 455786843
7093 455786845
7094 455786895
7095 455786903
7096 455786911
7097 455786913
7098 455787001
7099 455787002
7100 455787003
7101 455787007
7102 455787010
7103 455787538
7104 455787539
7105 455787541
7106 455787542
7107 455787551
7108 455787553
7109 455787554
7110 455787562
7111 455787597
7112 455787598
7113 455787599
7114 455787610
7115 455787733
7116 455787734
7117 455787735
7118 455787809
7119 455787811
7120 455787813
7121 455787814
7122 455787815
7123 455787817
7124 455787838
7125 455787839
7126 455787929
7127 455787931
7128 455787941
7129 455787949
7130 455787951
7131 455787958
7132 455787962
7133 455787965
7134 455789638
7135 455789810
7136 455789811
7137 455789815
7138 455789830
7139 455789867
7140 455789873
7141 455789874
7142 455789877
7143 455789878
7144 455789879
7145 455789881
7146 455789882
7147 455789911
7148 455789913
7149 455789914
7150 455789917
7151 455789918
7152 455789919
7153 455789921
7154 455789926
7155 455789929
7156 455790023
7157 455790067
7158 455790077
7159 455790430
7160 455790431
7161 455790462
7162 455790487
7163 455790489
7164 455790506
7165 455790507
7166 455790509
7167 455790514
7168 455790515
7169 455790517
7170 455790518
7171 455790521
7172 455820082
7173 455820206
7174 455820207
7175 455820211
7176 455820213
7177 455820214
7178 455820215
7179 455820217
7180 455820218
7181 455820221
7182 455827534
7183 455827541
7184 455827542
7185 455827701
7186 455827702
7187 455827710
7188 455827822
7189 455827823
7190 455827826
7191 455827827
7192 455827829
7193 455827830
7194 455828830
7195 455828853
7196 455828854
7197 455828862
7198 455828866
7199 455828867
7200 455828869
7201 455828882
7202 455828883
7203 455828885
7204 455828887
7205 455828889
7206 455828890
7207 455828894
7208 455828942
7209 455829079
7210 455829442
7211 455829443
7212 455829445
7213 455829470
7214 455829473
7215 455829483
7216 455829497
7217 455829505
7218 455829509
7219 455829521
7220 455829574
7221 455842681
7222 455842714
7223 455842715
7224 455842717
7225 455842734
7226 455843471
7227 455843487
7228 455843497
7229 455843505
7230 455843506
7231 455843507
7232 455843513
7233 455843517
7234 455843518
7235 455843519
7236 455843522
7237 455843533
7238 455843553
7239 455843554
7240 455843555
7241 455843562
7242 455843563
7243 455843598
7244 455843599
7245 455843602
7246 455843603
7247 455843621
7248 455843635
7249 455843641
7250 455843649
7251 455843651
7252 455843659
7253 455843661
7254 455843679
7255 455843685
7256 455843686
7257 455843687
7258 455843689
7259 455843690
7260 455843693
7261 455843694
7262 455843698
7263 455843702
7264 455843737
7265 455843738
7266 455843801
7267 455843802
7268 455843803
7269 455843805
7270 455843814
7271 455843891
7272 455843917
7273 455843927
7274 455843929
7275 455843930
7276 455843931
7277 455843933
7278 455843941
7279 455843942
7280 455843947
7281 455843963
7282 455843965
7283 455843977
7284 455843978
7285 455843981
7286 455843982
7287 455844729
7288 455846887
7289 455846891
7290 455846893
7291 455846898
7292 455846906
7293 455847962
7294 455847973
7295 455847981
7296 455847995
7297 455847997
7298 455848143
7299 455848149
7300 455848151
7301 455848153
7302 455848154
7303 455848162
7304 455848259
7305 455848305
7306 455848306
7307 455848307
7308 455848399
7309 455848401
7310 455848402
7311 455848474
7312 455848477
7313 455853191
7314 455853193
7315 455853194
7316 455853197
7317 455853198
7318 455853205
7319 455853206
7320 455855941
7321 455855942
7322 455855943
7323 455855945
7324 455856009
7325 455856010
7326 455856011
7327 455856013
7328 455856014
7329 455856015
7330 455856017
7331 455856026
7332 455856167
7333 455856169
7334 455856177
7335 455856178
7336 455856179
7337 455856185
7338 455856186
7339 455856193
7340 455856874
7341 455856877
7342 455856878
7343 455856883
7344 455856889
7345 455856905
7346 455856906
7347 455856907
7348 455856909
7349 455856910
7350 455856931
7351 455856933
7352 455856934
7353 455856935
7354 455856945
7355 455856946
7356 455856962
7357 455856963
7358 455856965
7359 455856974
7360 455856977
7361 455856978
7362 455856985
7363 455856986
7364 455857027
7365 455857030
7366 455857031
7367 455857033
7368 455857034
7369 455857039
7370 455857043
7371 455857053
7372 455857161
7373 455857366
7374 455857374
7375 455857377
7376 455857378
7377 455857379
7378 455857381
7379 455857382
7380 455857547
7381 455857561
7382 455857567
7383 455857667
7384 455857721
7385 455857723
7386 455857739
7387 455857746
7388 455857755
7389 455857761
7390 455857851
7391 455857853
7392 455857982
7393 455857985
7394 455857986
7395 455857993
7396 455857997
7397 455857998
7398 455857999
7399 455858002
7400 455858003
7401 455858219
7402 455858222
7403 455858223
7404 455858230
7405 455858231
7406 455858233
7407 455858237
7408 455858246
7409 455858247
7410 455858269
7411 455858273
7412 455858274
7413 455858277
7414 455858278
7415 455858329
7416 455858337
7417 455858682
7418 455858683
7419 455858686
7420 455858687
7421 455858691
7422 455858889
7423 455858890
7424 455858894
7425 455858930
7426 455858969
7427 455858970
7428 455858971
7429 455858974
7430 455858977
7431 455858981
7432 455858983
7433 455859023
7434 455859062
7435 455859065
7436 455859066
7437 455859067
7438 455859069
7439 455859070
7440 455859071
7441 455859073
7442 455859074
7443 455859077
7444 455859146
7445 455859154
7446 455859155
7447 455859157
7448 455859321
7449 455859322
7450 455859323
7451 455859326
7452 455859447
7453 455859458
7454 455859469
7455 455859473
7456 455859485
7457 455859487
7458 455859491
7459 455859493
7460 455859494
7461 455859510
7462 455859539
7463 455859543
7464 455859553
7465 455859554
7466 455859555
7467 455859561
7468 455859653
7469 455859654
7470 455859655
7471 455859661
7472 455859662
7473 455859663
7474 455859665
7475 455859667
7476 455859679
7477 455859681
7478 455859685
7479 455859717
7480 455859718
7481 455859719
7482 455859721
7483 455859786
7484 455859803
7485 455859805
7486 455859809
7487 455881819
7488 455881821
7489 455881822
7490 455881823
7491 455881885
7492 455882458
7493 455882459
7494 455882461
7495 455882482
7496 455882489
7497 455882491
7498 455882493
7499 455882494
7500 455882498
7501 455882501
7502 455882502
7503 455882503
7504 455882883
7505 455882894
7506 455882905
7507 455882970
7508 455882974
7509 455882977
7510 455882978
7511 455882979
7512 455882981
7513 455882982
7514 455882983
7515 455882995
7516 455883006
7517 455883007
7518 455883011
7519 455883013
7520 455883035
7521 455883037
7522 455883038
7523 455883041
7524 455883123
7525 455883133
7526 455883137
7527 455883139
7528 455883141
7529 455883298
7530 455883305
7531 455883347
7532 455883359
7533 455883418
7534 455883461
7535 455883463
7536 455883467
7537 455883765
7538 455883779
7539 455883781
7540 455883805
7541 455884401
7542 455884402
7543 455884403
7544 455884566
7545 455884567
7546 455884577
7547 455884593
7548 455884594
7549 455884595
7550 455884597
7551 455884602
7552 455884619
7553 455884621
7554 455884642
7555 455884646
7556 455884647
7557 455884649
7558 455884651
7559 455884653
7560 455884654
7561 455884655
7562 455884657
7563 455884658
7564 455884661
7565 455885378
7566 455885381
7567 455885382
7568 455885391
7569 455885405
7570 455885407
7571 455885437
7572 455885438
7573 455885445
7574 455885449
7575 455885453
7576 455885454
7577 455885455
7578 455885457
7579 455885502
7580 455885507
7581 455885553
7582 455885554
7583 455885591
7584 455885597
7585 455885598
7586 455885599
7587 455885617
7588 455885618
7589 455885630
7590 455885635
7591 455885637
7592 455885643
7593 455885654
7594 455885691
7595 455885797
7596 455885798
7597 455885799
7598 456028787
7599 456028798
7600 456028799
7601 456028805
7602 456028859
7603 456028861
7604 456028874
7605 456028877
7606 456028881
7607 456028901
7608 456029423
7609 456029438
7610 456029446
7611 456029447
7612 456029530
7613 456029543
7614 456029547
7615 456029583
7616 456029589
7617 456029593
7618 456029594
7619 456029597
7620 456029719
7621 456029957
7622 456029961
7623 456029962
7624 456029963
7625 456029979
7626 456549038
7627 456549041
7628 456549042
7629 456549311
7630 456549329
7631 456549330
7632 456549343
7633 456549346
7634 456549365
7635 456549367
7636 456549439
7637 456549441
7638 456549473
7639 456549478
7640 456549482
7641 456549483
7642 456549491
7643 456549503
7644 456549511
7645 456549663
7646 456549665
7647 456549666
7648 456549729
7649 456549730
7650 456549973
7651 456550031
7652 456550033
7653 456550177
7654 456550197
7655 456550198
7656 456550201
7657 456550219
7658 456550239
7659 456550241
7660 456550249
7661 456550313
7662 456550314
7663 456550349
7664 456550369
7665 456550370
7666 456552622
7667 456552623
7668 456552626
7669 456552631
7670 456552633
7671 456552667
7672 456552671
7673 456552687
7674 456552695
7675 456552697
7676 456552699
7677 456552701
7678 456552781
7679 456552782
7680 456552787
7681 456554069
7682 456554071
7683 456554073
7684 456554074
7685 456554098
7686 456554102
7687 456554129
7688 456554130
7689 456554131
7690 456554134
7691 456554141
7692 456554193
7693 456554206
7694 456554221
7695 456554222
7696 456554226
7697 456554227
7698 456554234
7699 456554235
7700 456554237
7701 456554247
7702 456554317
7703 456554318
7704 456554339
7705 456554341
7706 456554366
7707 456554387
7708 456554389
7709 456554398
7710 456554402
7711 456554407
7712 456554411
7713 456554447
7714 456554449
7715 456554451
7716 456554779
7717 456554785
7718 456555418
7719 456555435
7720 456556691
7721 456556693
7722 456556737
7723 456556741
7724 456556771
7725 456556798
7726 456556802
7727 456556818
7728 456556826
7729 456556827
7730 456556927
7731 456557039
7732 456557134
7733 456557135
7734 456557137
7735 456557155
7736 456557158
7737 456557159
7738 456557163
7739 456557205
7740 456557207
7741 456557213
7742 456557214
7743 456557215
7744 456557221
7745 456557271
7746 456557273
7747 456557277
7748 456557285
7749 456557538
7750 456557539
7751 456557541
7752 456557542
7753 456557543
7754 456557545
7755 456578314
7756 456578315
7757 456578319
7758 456578339
7759 456578345
7760 456578371
7761 456578373
7762 456578377
7763 456578378
7764 456578421
7765 456578422
7766 456578429
7767 456578430
7768 456578431
7769 456578833
7770 456578834
7771 456579742
7772 456579757
7773 456579763
7774 456579766
7775 456579770
7776 456579771
7777 456579781
7778 456579862
7779 456579863
7780 456579865
7781 456579869
7782 456579870
7783 456579877
7784 456579878
7785 456579894
7786 456579913
7787 456579914
7788 456579915
7789 456587355
7790 456587357
7791 456587566
7792 456587570
7793 456587573
7794 456587574
7795 456587578
7796 456587661
7797 456587662
7798 456587682
7799 456591643
7800 456595042
7801 456595046
7802 456595049
7803 456595057
7804 456595271
7805 456595277
7806 456595278
7807 456595282
7808 456595283
7809 456595285
7810 456595286
7811 456595287
7812 456595310
7813 456595338
7814 456595339
7815 456595457
7816 456595458
7817 456595459
7818 456595523
7819 456595526
7820 456595527
7821 456595529
7822 456595530
7823 456595541
7824 456595570
7825 456595571
7826 456597330
7827 456638023
7828 456638026
7829 456638030
7830 456638033
7831 456638078
7832 456638086
7833 456638087
7834 456638089
7835 456638131
7836 456638145
7837 456638159
7838 456638163
7839 456638165
7840 456638167
7841 456638177
7842 456638178
7843 456638179
7844 456638181
7845 456638182
7846 456638277
7847 456639621
7848 456639622
7849 456639623
7850 456639635
7851 456639790
7852 456639791
7853 456639823
7854 456639835
7855 456639839
7856 456639953
7857 456639963
7858 456639965
7859 456639969
7860 456639977
7861 456641519
7862 456641521
7863 456641522
7864 456641526
7865 456641527
7866 456641529
7867 456641590
7868 456643207
7869 456643209
7870 456643226
7871 456643529
7872 456643559
7873 456643578
7874 456643582
7875 456643589
7876 456643670
7877 456643671
7878 456643678
7879 456643679
7880 456643685
7881 456643686
7882 456643690
7883 456643693
7884 456643694
7885 456643695
7886 456643697
7887 456643706
7888 456643707
7889 456643709
7890 456643711
7891 456643717
7892 456643718
7893 456643721
7894 456643722
7895 456643759
7896 456643761
7897 456643767
7898 456643769
7899 456643770
7900 456643771
7901 456643774
7902 456643797
7903 456643798
7904 456643814
7905 456643815
7906 456644135
7907 456644137
7908 456644145
7909 456644146
7910 456644153
7911 456644478
7912 456644494
7913 456644495
7914 456644497
7915 456644506
7916 456644507
7917 456644569
7918 456645694
7919 456645695
7920 456645701
7921 456645705
7922 456645706
7923 456645707
7924 456645730
7925 456645731
7926 456645766
7927 456645839
7928 456645841
7929 456645878
7930 456682847
7931 456682865
7932 456682873
7933 456682874
7934 456683017
7935 456683039
7936 456683041
7937 456683042
7938 456683078
7939 456683086
7940 456683089
7941 456683249
7942 456683257
7943 456683393
7944 456683397
7945 456683398
7946 456683399
7947 456683405
7948 456683406
7949 456683407
7950 456683414
7951 456683419
7952 456683421
7953 456683422
7954 456683423
7955 456683426
7956 456683438
7957 456683449
7958 456683455
7959 456683457
7960 456683471
7961 456683473
7962 456683474
7963 456683477
7964 456683478
7965 456683482
7966 456683486
7967 456683610
7968 456683611
7969 456683654
7970 456683662
7971 456683698
7972 456683721
7973 456683722
7974 456683723
7975 456683726
7976 456683737
7977 456683738
7978 456683739
7979 456683755
7980 456683759
7981 456683761
7982 456683797
7983 456683809
7984 456683810
7985 456683811
7986 456683813
7987 456683882
7988 456683889
7989 456683890
7990 456683906
7991 456683907
7992 456683986
7993 456683999
7994 456684001
7995 456684002
7996 456684005
7997 456694726
7998 456694727
7999 456694729
8000 456694730
8001 456694733
8002 456694739
8003 456694741
8004 456694742
8005 456694761
8006 456694883
8007 456695333
8008 456695339
8009 456695351
8010 456695353
8011 456695391
8012 456695421
8013 456695422
8014 456695423
8015 456695426
8016 456695443
8017 456695453
8018 456695454
8019 456695455
8020 456695457
8021 456695458
8022 456695459
8023 456695461
8024 456695465
8025 456695633
8026 456695634
8027 456695635
8028 456695642
8029 456696139
8030 456696146
8031 456696147
8032 456696149
8033 456696167
8034 456696169
8035 456700543
8036 456700559
8037 456700561
8038 456700562
8039 456700573
8040 456700589
8041 456700591
8042 456700649
8043 456700651
8044 456700654
8045 456700655
8046 456700657
8047 456700658
8048 456700659
8049 456700661
8050 456700663
8051 456700665
8052 456700666
8053 456700670
8054 456700673
8055 456700674
8056 456700677
8057 456700679
8058 456700681
8059 456700682
8060 456700683
8061 456700755
8062 456700769
8063 456700771
8064 456701165
8065 456701167
8066 456701171
8067 456701182
8068 456701383
8069 456701385
8070 456701386
8071 456701387
8072 456701389
8073 456701411
8074 456701421
8075 456701422
8076 456701457
8077 456701458
8078 456701469
8079 456701470
8080 456701474
8081 456701477
8082 456701478
8083 456701486
8084 456701487
8085 456701489
8086 456701491
8087 456701569
8088 456701573
8089 456701799
8090 456701803
8091 456701818
8092 456701819
8093 456701827
8094 456701831
8095 456702190
8096 456702191
8097 456702193
8098 456702207
8099 456702231
8100 456702233
8101 456705593
8102 456706213
8103 456706214
8104 456706217
8105 456706258
8106 456706259
8107 456706263
8108 456706265
8109 456706266
8110 456706267
8111 456706270
8112 456706274
8113 456706277
8114 456706502
8115 456707770
8116 456707771
8117 456707773
8118 456707789
8119 456707813
8120 456742211
8121 456742217
8122 456742249
8123 456742253
8124 456742255
8125 456742271
8126 456742299
8127 456768714
8128 456768715
8129 456768719
8130 456768723
8131 456768730
8132 456768734
8133 456768758
8134 456768759
8135 456768818
8136 456768895
8137 456768934
8138 456768949
8139 456768958
8140 456768959
8141 456768974
8142 456768977
8143 456768982
8144 456768983
8145 456768987
8146 456768989
8147 456769006
8148 456769007
8149 456769009
8150 456769010
8151 456769011
8152 456769294
8153 456769310
8154 456769311
8155 456769315
8156 456769317
8157 456769331
8158 456769338
8159 456769339
8160 456769347
8161 456769390
8162 456773807
8163 456773809
8164 456773810
8165 456773811
8166 456773813
8167 456773815
8168 456773817
8169 456773818
8170 456773819
8171 456773821
8172 456773822
8173 456773834
8174 456773843
8175 456773845
8176 456773846
8177 456773847
8178 456773849
8179 456773905
8180 456773909
8181 456773926
8182 456773963
8183 456773971
8184 456773973
8185 456773978
8186 456774123
8187 456774126
8188 456774127
8189 456774130
8190 456774197
8191 456774198
8192 456774199
8193 456774215
8194 456774254
8195 456774257
8196 456774258
8197 456774259
8198 456774266
8199 456774279
8200 456774301
8201 456774302
8202 456774313
8203 456774323
8204 456774334
8205 456774339
8206 456774341
8207 456774342
8208 456774351
8209 456774357
8210 456774386
8211 456774387
8212 456774393
8213 456774398
8214 456774401
8215 456774402
8216 456774403
8217 456774405
8218 456774406
8219 456774419
8220 456775149
8221 456775151
8222 456775157
8223 456775185
8224 456775186
8225 456775190
8226 456775197
8227 456775549
8228 456775589
8229 456775590
8230 456775662
8231 456775663
8232 456775665
8233 456775727
8234 456775733
8235 456775734
8236 456775737
8237 456775738
8238 456775778
8239 456842942
8240 456842951
8241 456842953
8242 456842967
8243 456842987
8244 456842994
8245 456842995
8246 456842998
8247 456843665
8248 456843671
8249 456843682
8250 456843722
8251 456843723
8252 456843730
8253 456843731
8254 456843733
8255 456843738
8256 456843739
8257 456843765
8258 456843773
8259 456843774
8260 456843777
8261 456843778
8262 456843785
8263 456843793
8264 456843797
8265 456847463
8266 456847465
8267 456847466
8268 456847489
8269 456847514
8270 456847519
8271 456847521
8272 456847522
8273 456847523
8274 456847529
8275 456847545
8276 456847546
8277 456847805
8278 456847806
8279 456847807
8280 456847817
8281 456847818
8282 456847823
8283 456847826
8284 456847845
8285 456847859
8286 456848211
8287 456848213
8288 456848330
8289 456848335
8290 456848337
8291 456848338
8292 456848378
8293 456848509
8294 456848510
8295 456848517
8296 456848518
8297 456848527
8298 456848558
8299 456848671
8300 456849035
8301 456849039
8302 456849043
8303 456849046
8304 456849051
8305 456849053
8306 456849055
8307 456849057
8308 456849058
8309 456849059
8310 456849094
8311 456849095
8312 456849101
8313 456849102
8314 456849103
8315 456849193
8316 456849194
8317 456849206
8318 456849209
8319 456849786
8320 456849787
8321 456849789
8322 456849863
8323 456849878
8324 456849879
8325 456849893
8326 456849897
8327 456849898
8328 456849929
8329 456849930
8330 456849939
8331 456849947
8332 456849949
8333 456849951
8334 456849957
8335 456849958
8336 456849959
8337 456849961
8338 456849982
8339 456849993
8340 456850001
8341 456850005
8342 456851094
8343 456851095
8344 456851134
8345 456851135
8346 456851177
8347 456851410
8348 456851411
8349 456851413
8350 456851443
8351 456851449
8352 456851474
8353 456851477
8354 456851486
8355 456851495
8356 456851497
8357 456851505
8358 456851543
8359 456851578
8360 456851579
8361 456851587
8362 456851589
8363 456851607
8364 456851694
8365 456851695
8366 456851715
8367 456851717
8368 456851719
8369 456851721
8370 456851726
8371 456851731
8372 456851733
8373 456851734
8374 456851738
8375 456851739
8376 456851741
8377 456851742
8378 456851819
8379 456851821
8380 456851822
8381 456851829
8382 456851837
8383 456851838
8384 456851859
8385 456852165
8386 456853547
8387 456853549
8388 456854305
8389 456854306
8390 456854307
8391 456854309
8392 456854311
8393 456854313
8394 456854393
8395 456854394
8396 456854395
8397 456854397
8398 456854398
8399 456854469
8400 456854494
8401 456854501
8402 456854502
8403 456854506
8404 456854698
8405 456854735
8406 456854737
8407 456854738
8408 456854758
8409 456854759
8410 456854761
8411 456854762
8412 456855049
8413 456855058
8414 456855059
8415 456855061
8416 456855062
8417 456855063
8418 456855065
8419 456855067
8420 456855074
8421 456855078
8422 456855079
8423 456855083
8424 456855085
8425 456855086
8426 456855087
8427 456855091
8428 456855097
8429 456855098
8430 456855099
8431 456855617
8432 456855618
8433 456855622
8434 456855623
8435 456855626
8436 456855627
8437 456855629
8438 456855634
8439 456855635
8440 456855862
8441 456855863
8442 456855869
8443 456855870
8444 456855899
8445 456855901
8446 456855906
8447 456855934
8448 456855935
8449 456855937
8450 456855942
8451 456855946
8452 456856303
8453 456856305
8454 456856309
8455 456856313
8456 456856314
8457 456856322
8458 456856323
8459 456856327
8460 456856329
8461 456856393
8462 456857214
8463 456857215
8464 456857223
8465 456857227
8466 456857229
8467 456857230
8468 456857239
8469 456857935
8470 456858026
8471 456858029
8472 456858030
8473 456858031
8474 456858077
8475 456858713
8476 456858718
8477 456858739
8478 456858910
8479 456858911
8480 456858913
8481 456858914
8482 456858915
8483 456859007
8484 456859009
8485 456859094
8486 456859097
8487 456859099
8488 456859133
8489 456859135
8490 456859139
8491 456859141
8492 456859142
8493 456859209
8494 456859210
8495 456859211
8496 456859213
8497 456859214
8498 456859605
8499 456859606
8500 456859630
8501 456859631
8502 456859637
8503 456859798
8504 456859799
8505 456859803
8506 456866074
8507 456873094
8508 456873095
8509 456873099
8510 456874805
8511 456874806
8512 456874807
8513 456874953
8514 456874970
8515 456874973
8516 456874977
8517 456874978
8518 456874989
8519 456874990
8520 456874991
8521 456874999
8522 456875005
8523 456875042
8524 456875043
8525 456875603
8526 456875605
8527 456875693
8528 456875705
8529 456875715
8530 456875815
8531 456875826
8532 456875834
8533 456875842
8534 456875843
8535 456875854
8536 456875855
8537 456875857
8538 456875863
8539 456875869
8540 456876010
8541 456876014
8542 456876077
8543 456877222
8544 456877223
8545 456877226
8546 456877227
8547 456877231
8548 456877237
8549 456877238
8550 456877258
8551 456877259
8552 456877261
8553 456877265
8554 456877266
8555 456877267
8556 456877270
8557 456877271
8558 456877291
8559 456877351
8560 456877571
8561 456877573
8562 456877574
8563 456877597
8564 456877613
8565 456877618
8566 524659021
8567 524659022
8568 524659033
8569 524659034
8570 524659035
8571 524659155
8572 524659161
8573 524659162
8574 524659163
8575 524659169
8576 524659171
8577 524659177
8578 524659178
8579 524659201
8580 524659226
8581 524659227
8582 524659229
8583 524659231
8584 524659233
8585 524659289
8586 524659290
8587 524659299
8588 524659301
8589 524659303
8590 524659609
8591 524659614
8592 524659615
8593 524659805
8594 524660033
8595 524660034
8596 524660035
8597 524660042
8598 524660046
8599 524660047
8600 524660051
8601 524660059
8602 524660061
8603 524660062
8604 524660095
8605 524660097
8606 524660098
8607 524660113
8608 524660118
8609 524660127
8610 524664321
8611 524664322
8612 524664327
8613 524664329
8614 524664330
8615 524664331
8616 524664381
8617 524664382
8618 524664395
8619 524664397
8620 524664481
8621 524664482
8622 524664505
8623 524664574
8624 524664611
8625 524664613
8626 524664623
8627 524664629
8628 524664643
8629 524665117
8630 524665118
8631 524665119
8632 524671513
8633 524671514
8634 524671517
8635 524671519
8636 524671523
8637 524671526
8638 524671527
8639 524671555
8640 524671557
8641 524671558
8642 524671559
8643 524671574
8644 524671586
8645 524671589
8646 524671593
8647 524671594
8648 524671598
8649 524671599
8650 524671615
8651 524671671
8652 524671681
8653 524671682
8654 524673014
8655 524673022
8656 524673031
8657 524673035
8658 524673038
8659 524673079
8660 524673082
8661 524673087
8662 524673089
8663 524673091
8664 524673093
8665 524673094
8666 524673113
8667 524673118
8668 524681083
8669 524688891
8670 524688915
8671 524688917
8672 524688918
8673 524688919
8674 524688922
8675 524688955
8676 524688958
8677 524688969
8678 524688970
8679 524688971
8680 524688985
8681 524688986
8682 524688990
8683 524688991
8684 524689006
8685 524689007
8686 524689018
8687 524689019
8688 524689090
8689 524689142
8690 524689239
8691 524689241
8692 524689242
8693 524689243
8694 524689249
8695 524689251
8696 524689253
8697 524689258
8698 524689259
8699 524689273
8700 524689274
8701 524689277
8702 524689278
8703 524689309
8704 524689314
8705 524689357
8706 524692979
8707 524692995
8708 524693231
8709 524693233
8710 524697017
8711 524697023
8712 524697146
8713 524697158
8714 524697159
8715 524697170
8716 524697181
8717 524697463
8718 524697538
8719 524697549
8720 524697566
8721 524697574
8722 524697577
8723 524697591
8724 524697593
8725 524697598
8726 524697602
8727 524697603
8728 524697623
8729 524698019
8730 524698021
8731 524698022
8732 524698093
8733 524698233
8734 524698234
8735 524698235
8736 524701983
8737 524701991
8738 524701993
8739 524702006
8740 524702685
8741 524702686
8742 524702690
8743 524702695
8744 524702697
8745 524702698
8746 524702702
8747 524702703
8748 524702705
8749 524702707
8750 524702713
8751 524702714
8752 524702715
8753 524702717
8754 524702719
8755 524702723
8756 524702734
8757 524702735
8758 524702737
8759 524702998
8760 524702999
8761 524703007
8762 524703009
8763 524703010
8764 524703014
8765 524703017
8766 524703035
8767 524703054
8768 524703058
8769 524703201
8770 524703202
8771 524703218
8772 524703226
8773 524703227
8774 524703229
8775 524703242
8776 524703254
8777 524703255
8778 524703259
8779 524703261
8780 524703262
8781 524703265
8782 524703266
8783 524703269
8784 524703283
8785 524703286
8786 524703383
8787 524703385
8788 524703386
8789 524703387
8790 524703391
8791 524703394
8792 524741907
8793 524741909
8794 524741929
8795 524741930
8796 524746293
8797 524746374
8798 524746393
8799 524746898
8800 524746974
8801 524746986
8802 524746987
8803 524746995
8804 524746997
8805 524747542
8806 524747866
8807 524747867
8808 524747869
8809 524748130
8810 524748174
8811 524748178
8812 524748937
8813 526487563
8814 526487567
8815 526487569
8816 526487574
8817 526487578
8818 526487585
8819 526487586
8820 526487591
8821 526487602
8822 526487619
8823 526487621
8824 526516363
8825 526516367
8826 526516373
8827 526516390
8828 526516391
8829 526516393
8830 526516397
8831 526516399
8832 526516401
8833 526516451
8834 526516471
8835 526516473
8836 526516474
8837 526516483
8838 526516485
8839 526516489
8840 526516490
8841 526516953
8842 526516954
8843 526516979
8844 526516981
8845 526516982
8846 526516985
8847 526517039
8848 526517043
8849 526517045
8850 526517047
8851 526517061
8852 526517065
8853 526517387
8854 526517409
8855 526517447
8856 526518121
8857 526518130
8858 526518166
8859 526518174
8860 526518186
8861 526518187
8862 526518191
8863 526518205
8864 526518362
8865 526518363
8866 526518367
8867 526518370
8868 526518371
8869 526518399
8870 526518401
8871 526518402
8872 526518438
8873 526518439
8874 526518442
8875 526518443
8876 526518445
8877 526518530
8878 526518533
8879 526518537
8880 526518538
8881 526518542
8882 526518543
8883 526518581
8884 526518582
8885 526518583
8886 526522918
8887 526522919
8888 526522926
8889 526522927
8890 526522929
8891 526522981
8892 526522982
8893 526522985
8894 526522987
8895 526522989
8896 526522993
8897 526522994
8898 526523046
8899 526523055
8900 526523057
8901 526523966
8902 526523969
8903 526523970
8904 526524087
8905 526524089
8906 526524097
8907 526524217
8908 526524218
8909 526524223
8910 526524226
8911 526524227
8912 526545709
8913 526545782
8914 526545785
8915 526545806
8916 526545807
8917 526545809
8918 526545811
8919 526545821
8920 526545826
8921 526545827
8922 526545831
8923 526545845
8924 526545851
8925 526545853
8926 526545886
8927 526546059
8928 526546065
8929 526546119
8930 526546127
8931 526546254
8932 526546277
8933 526546279
8934 526546281
8935 526546291
8936 526546293
8937 526546301
8938 526546901
8939 526546955
8940 526546977
8941 526546981
8942 526546985
8943 526547311
8944 526547330
8945 526547337
8946 526547338
8947 526547471
8948 526547537
8949 526547545
8950 526547546
8951 526547562
8952 526547611
8953 526547622
8954 526547623
8955 526547635
8956 526547643
8957 526547645
8958 526547951
8959 526548178
8960 526548179
8961 526548181
8962 532443698
8963 532443701
8964 532443703
8965 532444105
8966 532444107
8967 532444109
8968 532444110
8969 532444115
8970 532444117
8971 532445838
8972 532445909
8973 532445910
8974 532445911
8975 532445917
8976 532445918
8977 532445919
8978 532445929
8979 532445930
8980 532445935
8981 532446221
8982 532446223
8983 532446226
8984 532446270
8985 532446271
8986 532447130
8987 532447131
8988 532447133
8989 532447471
8990 532447473
8991 532447667
8992 532447699
8993 532447701
8994 532447702
8995 532447703
8996 532447705
8997 532447706
8998 532447717
8999 532447766
9000 532447791
9001 532447793
9002 532447811
9003 532447813
9004 532447855
9005 532447858
9006 532448035
9007 532448041
9008 532450991
9009 532450993
9010 532464361
9011 532464362
9012 532464365
9013 532464369
9014 532464370
9015 532464394
9016 532464398
9017 532464401
9018 532464463
9019 532464465
9020 532464486
9021 532464491
9022 532464494
9023 532464499
9024 532464501
9025 532464562
9026 532464563
9027 532464565
9028 532464595
9029 532464598
9030 532464599
9031 532464601
9032 532464602
9033 532464607
9034 532464609
9035 532464610
9036 532464611
9037 532464613
9038 532464617
9039 532464621
9040 532464622
9041 532464623
9042 532464742
9043 532464743
9044 532464745
9045 532464997
9046 532465001
9047 532465042
9048 532465229
9049 532465230
9050 532465314
9051 532465315
9052 532465321
9053 532465322
9054 532465481
9055 532465522
9056 532465523
9057 532467703
9058 532467710
9059 532467713
9060 532467714
9061 532467731
9062 532467733
9063 532467751
9064 532475607
9065 532475635
9066 532475637
9067 532475666
9068 532475669
9069 532475673
9070 532475678
9071 532475679
9072 532475693
9073 532475698
9074 532475701
9075 532475702
9076 532475705
9077 532475706
9078 532475707
9079 532475709
9080 532475710
9081 532475719
9082 532475723
9083 532475726
9084 532475737
9085 532475738
9086 532475743
9087 532475745
9088 532475751
9089 532475753
9090 532475758
9091 532475765
9092 532475767
9093 532475769
9094 532476049
9095 532476114
9096 532476119
9097 532476121
9098 532476137
9099 532476138
9100 532476177
9101 532476183
9102 532476185
9103 532476186
9104 532476197
9105 532476199
9106 532476201
9107 532476213
9108 532476214
9109 532476231
9110 532476241
9111 532476246
9112 532476247
9113 532476249
9114 532476373
9115 532476442
9116 532476443
9117 532476471
9118 532476534
9119 532476535
9120 532476539
9121 532476541
9122 532476542
9123 532476546
9124 532476547
9125 532476551
9126 532476555
9127 532476557
9128 532476559
9129 532476587
9130 532476602
9131 532476618
9132 532476623
9133 902224893
9134 902224894
9135 902225623
9136 902225770
9137 902225771
9138 902225818
9139 902225834
9140 902225837
9141 902225838
9142 902225839
9143 902225859
9144 902225861
9145 902225866
9146 902225867
9147 902225869
9148 902225870
9149 902225873
9150 902225882
9151 902225883
9152 902225885
9153 902225895
9154 902225902
9155 902225913
9156 902225914
9157 902225922
9158 902226027
9159 902226038
9160 902226039
9161 902226047
9162 902230499
9163 902230501
9164 902230619
9165 902230621
9166 902230622
9167 902230715
9168 902230805
9169 902230831
9170 902230853
9171 902230854
9172 902231449
9173 902231458
9174 902231459
9175 902231461
9176 902231473
9177 902231474
9178 902234299
9179 902234301
9180 902234303
9181 902245595
9182 902245597
9183 902245607
9184 902245611
9185 902245613
9186 902245614
9187 902245615
9188 902245618
9189 902245619
9190 902245629
9191 902245835
9192 902245839
9193 902245853
9194 902245854
9195 902245898
9196 902245899
9197 902245913
9198 902245915
9199 902245917
9200 902245919
9201 902245970
9202 902249814
9203 902249815
9204 902249817
9205 902250049
9206 902250051
9207 902250053
9208 902254754
9209 902254765
9210 902254766
9211 902254767
9212 902254899
9213 902255561
9214 902255563
9215 902255567
9216 902255658
9217 902255659
9218 902255662
9219 902255663
9220 902255673
9221 902255674
9222 902255677
9223 902255678
9224 902255681
9225 902257093
9226 902257147
9227 902257153
9228 902257154
9229 902257553
9230 902257555
9231 902257557
9232 902257558
9233 902257559
9234 902257561
9235 902257562
9236 902257647
9237 902257649
9238 902257867
9239 902257869
9240 902257870
9241 902257877
9242 902257878
9243 902257879
9244 902257881
9245 902269633
9246 902269635
9247 902269662
9248 902269667
9249 902269677
9250 902269798
9251 902269882
9252 902270093
9253 902270149
9254 902270189
9255 902270190
9256 902270202
9257 902270203
9258 902270206
9259 902270210
9260 902270211
9261 902270215
9262 902270237
9263 902270238
9264 902270239
9265 902270242
9266 902270243
9267 902270245
9268 902270246
9269 902270247
9270 902270249
9271 902270254
9272 902270255
9273 902270257
9274 902270262
9275 902270263
9276 902270267
9277 902270269
9278 902270270
9279 902273999
9280 902274007
9281 902274009
9282 902274015
9283 902274017
9284 902274018
9285 902274103
9286 902274110
9287 902274169
9288 902274173
9289 902274177
9290 902274178
9291 902274258
9292 902274259
9293 902274293
9294 902274339
9295 902275139
9296 902275151
9297 902275165
9298 902275169
9299 902275179
9300 902275181
9301 902275233
9302 902275234
9303 902275241
9304 902277294
9305 902277305
9306 902277310
9307 902277313
9308 902277318
9309 902277319
9310 902277321
9311 902277334
9312 902277338
9313 902277339
9314 902277341
9315 902277346
9316 902277358
9317 902277359
9318 902277367
9319 902277373
9320 902277374
9321 902277377
9322 902277379
9323 902277381
9324 902277385
9325 902277386
9326 902277499
9327 902277541
9328 902277565
9329 902277579
9330 902277581
9331 902277586
9332 902277590
9333 902277591
9334 902277593
9335 902277595
9336 902277597
9337 902277598
9338 902277599
9339 902277601
9340 902277602
9341 902277605
9342 902277606
9343 902277635
9344 902277898
9345 902277907
9346 902277931
9347 902277933
9348 902277937
9349 902285135
9350 902285137
9351 902285141
9352 902285195
9353 902285201
9354 902285202
9355 902285210
9356 902285214
9357 902285266
9358 902285270
9359 902285273
9360 902285274
9361 902285335
9362 902285342
9363 902285345
9364 902285346
9365 902285385
9366 902285777
9367 902285785
9368 902285854
9369 902285858
9370 902285859
9371 902285861
9372 902285862
9373 902285863
9374 902285866
9375 902373206
9376 902373207
9377 902373209
9378 902373211
9379 902373213
9380 902373221
9381 902373611
9382 902373613
9383 902373614
9384 902373631
9385 902373637
9386 902373638
9387 902373639
9388 902373643
9389 902373645
9390 902373646
9391 902373647
9392 902373697
9393 902373698
9394 902373887
9395 902373897
9396 902373898
9397 902373899
9398 902373901
9399 902373902
9400 902374823
9401 902374826
9402 902374838
9403 902374874
9404 902374877
9405 902374878
9406 902374882
9407 902374887
9408 902374898
9409 902374903
9410 902374905
9411 902374906
9412 902374914
9413 902374927
9414 902375063
9415 902375065
9416 902375071
9417 902375086
9418 902375182
9419 902375183
9420 902375185
9421 902375186
9422 902375191
9423 902375219
9424 902375221
9425 902375222
9426 902375230
9427 902375715
9428 902375745
9429 902487558
9430 902487559
9431 902487566
9432 902487567
9433 902487587
9434 902487689
9435 902489226
9436 902489227
9437 902489230
9438 902489231
9439 902489257
9440 902489267
9441 902489317
9442 902489318
9443 902489321
9444 902489334
9445 902489335
9446 902489338
9447 902489363
9448 902489367
9449 902489394
9450 902489395
9451 902489397
9452 902489398
9453 902489411
9454 902489413
9455 902489414
9456 902489422
9457 902489429
9458 902489430
9459 902489434
9460 902489435
9461 902489439
9462 902489473
9463 902489474
9464 902489477
9465 902489485
9466 902489486
9467 902489537
9468 902489541
9469 902489542
9470 902489543
9471 902489557
9472 902489569
9473 902489570
9474 902489577
9475 902496505
9476 902496526
9477 902496671
9478 902496682
9479 902496683
9480 902496685
9481 902496693
9482 902496694
9483 902496698
9484 902497403
9485 902497405
9486 902497406
9487 902497407
9488 902497409
9489 902497411
9490 902497413
9491 902497414
9492 902497415
9493 902501530
9494 902501534
9495 902501553
9496 902501554
9497 902501558
9498 902501581
9499 902501582
9500 902501583
9501 902501585
9502 902501593
9503 902501594
9504 902501630
9505 902501633
9506 902502951
9507 902502953
9508 902502958
9509 902502959
9510 902502967
9511 902503345
9512 902503346
9513 902505478
9514 902505479
9515 902505481
9516 902505486
9517 902505498
9518 902505563
9519 902505565
9520 902505686
9521 902505687
9522 902505849
9523 902505854
9524 902505855
9525 902505857
9526 902505858
9527 902505867
9528 902505869
9529 902505882
9530 902506589
9531 902507030
9532 902507033
9533 902507034
9534 902507035
9535 902507037
9536 902507042
9537 902507046
9538 902507051
9539 902507053
9540 902507057
9541 902507069
9542 902507070
9543 902507071
9544 902507595
9545 902507601
9546 902507602
9547 902507951
9548 902507953
9549 902507954
9550 902507955
9551 902507957
9552 902507965
9553 902507974
9554 902507979
9555 902507981
9556 902507982
9557 902507983
9558 902507986
9559 902507987
9560 902507989
9561 902507999
9562 902508001
9563 902508002
9564 902508005
9565 902508006
9566 902508007
9567 902508009
9568 902508010
9569 902508011
9570 902508013
9571 902508014
9572 902508015
9573 902508022
9574 902508023
9575 902508033
9576 902508034
9577 902508073
9578 902508081
9579 902508082
9580 902508083
9581 902508090
9582 902508091
9583 902508094
9584 902508105
9585 902508106
9586 902508110
9587 902508113
9588 902508114
9589 902508122
9590 902508123
9591 902508126
9592 902508141
9593 902508239
9594 902508243
9595 902508262
9596 902508270
9597 902508294
9598 902508295
9599 902508341
9600 902508342
9601 902508361
9602 902508365
9603 902508374
9604 902508377
9605 902508382
9606 902508410
9607 902512317
9608 902512385
9609 902512418
9610 902512435
9611 902512439
9612 902512441
9613 902525919
9614 902525941
9615 902525942
9616 902525962
9617 902525963
9618 902525971
9619 902525973
9620 902525974
9621 902525986
9622 902525997
9623 902526006
9624 902526007
9625 902526038
9626 902526041
9627 902526042
9628 902526062
9629 902526070
9630 902526071
9631 902526073
9632 902526078
9633 902526081
9634 902526083
9635 902526090
9636 902526091
9637 902526139
9638 902526141
9639 902526142
9640 902526146
9641 902526151
9642 902526153
9643 902526402
9644 902527103
9645 902529655
9646 902529698
9647 902529706
9648 902567293
9649 902567294
9650 902567323
9651 902567363
9652 902567365
9653 902567413
9654 902567414
9655 902567415
9656 902567417
9657 902567433
9658 902567442
9659 902567443
9660 902567445
9661 902567465
9662 902567467
9663 902567469
9664 902568286
9665 902568298
9666 902568302
9667 902568327
9668 902568551
9669 902568553
9670 902568554
9671 902571695
9672 902571905
9673 902571906
9674 902572237
9675 902572238
9676 902583767
9677 902583957
9678 902583978
9679 902583989
9680 902583991
9681 902584542
9682 902584543
9683 902584551
9684 902584558
9685 902584559
9686 902584562
9687 902584567
9688 902584569
9689 902584601
9690 902584623
9691 902584626
9692 902584631
9693 902584633
9694 902584634
9695 902584639
9696 902584646
9697 902584658
9698 902584659
9699 902584661
9700 902584689
9701 902584698
9702 902584699
9703 902584705
9704 902584706
9705 902584707
9706 902584709
9707 902584734
9708 902584747
9709 902584749
9710 902584767
9711 902584769
9712 902584785
9713 902584786
9714 902584787
9715 902584793
9716 902584803
9717 902584805
9718 902584806
9719 902584814
9720 902584822
9721 902584841
9722 902584842
9723 902585087
9724 902585089
9725 902585091
9726 902585095
9727 902585127
9728 902585129
9729 902585130
9730 902586471
9731 902586473
9732 902586477
9733 902586478
9734 902586479
9735 902586481
9736 902586482
9737 902586485
9738 902586594
9739 902586598
9740 902586602
9741 902586603
9742 902586607
9743 902586610
9744 902586614
9745 902586623
9746 902586633
9747 902586637
9748 902586638
9749 902586639
9750 902586643
9751 902586646
9752 902588919
9753 902588929
9754 902588930
9755 902588933
9756 902588934
9757 902588935
9758 902588942
9759 902588943
9760 902588945
9761 902588946
9762 902588959
9763 902589059
9764 902589061
9765 902589070
9766 902589739
9767 902589742
9768 902589757
9769 902589758
9770 902589767
9771 902589810
9772 902589829
9773 902589830
9774 902589833
9775 902589845
9776 902589846
9777 902589857
9778 902591339
9779 902591341
9780 902591342
9781 902591366
9782 902591383
9783 902591401
9784 902591882
9785 902591885
9786 902591886
9787 902591898
9788 902591903
9789 902591909
9790 902591911
9791 902591941
9792 902591942
9793 902591997
9794 902592062
9795 902592065
9796 902592066
9797 902592178
9798 902592179
9799 902592206
9800 902592209
9801 902602019
9802 902602021
9803 902604626
9804 902604802
9805 902604810
9806 902604811
9807 902604814
9808 902604815
9809 902604819
9810 902604823
9811 902604826
9812 902604827
9813 902604838
9814 902604839
9815 902604841
9816 902604889
9817 902604893
9818 902605065
9819 902605067
9820 902605138
9821 902605139
9822 902605141
9823 902605145
9824 902605161
9825 902605165
9826 902605469
9827 902605485
9828 902605493
9829 902605494
9830 902605506
9831 902605514
9832 902605539
9833 902605541
9834 902605542
9835 902605543
9836 902605634
9837 902605637
9838 902605638
9839 902606655
9840 902606693
9841 902606694
9842 902606695
9843 902606727
9844 902606758
9845 902606762
9846 902606766
9847 902606771
9848 902607041
9849 902607042
9850 902607043
9851 902607045
9852 902607253
9853 902607254
9854 902607274
9855 902607297
9856 902607303
9857 902607305
9858 902607306
9859 902607311
9860 902607333
9861 902607334
9862 902607341
9863 902607351
9864 902607353
9865 902608010
9866 902608013
9867 902608070
9868 902608071
9869 902608073
9870 902608078
9871 902608079
9872 902608081
9873 902608082
9874 902608090
9875 902608277
9876 902608349
9877 902608351
9878 902608354
9879 902608386
9880 902608387
9881 902608393
9882 902608394
9883 902608395
9884 902608397
9885 902608399
9886 902608401
9887 902608405
9888 902662763
9889 902662765
9890 902662831
9891 902662833
9892 902662834
9893 902667757
9894 902667782
9895 902670986
9896 902670991
9897 902671013
9898 902671014
9899 902671015
9900 902671017
9901 902671018
9902 902671033
9903 902671067
9904 902671071
9905 902671242
9906 902671331
9907 902671333
9908 902671363
9909 902671365
9910 902671378
9911 902671379
9912 902671381
9913 902671382
9914 902671387
9915 902671390
9916 902671391
9917 902671399
9918 902671406
9919 902671409
9920 902671410
9921 902671411
9922 902671418
9923 902671421
9924 902671426
9925 902671427
9926 902671431
9927 902710839
9928 902710841
9929 902710857
9930 902710861
9931 902710869
9932 902710877
9933 902710883
9934 902710885
9935 902710886
9936 902710887
9937 902710889
9938 902710907
9939 902710909
9940 902710910
9941 902710911
9942 902710913
9943 902710918
9944 902710919
9945 902711041
9946 902711046
9947 902711371
9948 902711373
9949 902711374
9950 902711930
9951 902711935
9952 902711937
9953 902711941
9954 902711955
9955 902712022
9956 902712054
9957 902712059
9958 902712077
9959 902712079
9960 902712083
9961 902712085
9962 902712113
9963 902712115
9964 902712119
9965 902713278
9966 902713287
9967 902714558
9968 902714629
9969 902714630
9970 902714631
9971 902714639
9972 902714641
9973 902714646
9974 902714647
9975 902714649
9976 902714651
9977 902714653
9978 902714654
9979 902716707
9980 902716715
9981 902716730
9982 902716770
9983 902716771
9984 902716782
9985 902716783
9986 902716897
9987 902716898
9988 902718858
9989 902718859
9990 902718861
9991 902718871
9992 902718878
9993 902718879
9994 902718881
9995 902718897
9996 902718898
9997 902718899
9998 902718901
9999 902718902
10000 902718903
