
Filling stored sums matrix with 73 X 73 terms guaranteeing 30 digits accuracy...

Processing the barrier for X= 5999999999999.5000000...6000000000000.5000000 (N = 690988), y0 = 0.1673300000...1 , t = 0...0.1850000000

Rectangle(1) : 0, 57616.000000000000000, 10549.000000000000000, 0.000000, 1.1426987262510108264, 42192
Rectangle(2) : 1.1154865423684581130e-5, 57588.000000000000000, 10544.000000000000000, 0.000000, 1.1428862317844489963, 42172
Rectangle(3) : 2.2318410464048007474e-5, 57560.000000000000000, 10538.000000000000000, 0.000000, 1.1430738678629750100, 42148
Rectangle(4) : 3.3490645833453410705e-5, 57532.000000000000000, 10533.000000000000000, 0.000000, 1.1432615871526674473, 42128
Rectangle(5) : 4.4671581437163823125e-5, 57504.000000000000000, 10528.000000000000000, 0.000000, 1.1434494007848124480, 42108
Rectangle(6) : 5.5861227388485686787e-5, 57476.000000000000000, 10523.000000000000000, 0.000000, 1.1436373297953265139, 42088
Rectangle(7) : 6.7059594181500623698e-5, 57448.000000000000000, 10518.000000000000000, 0.000000, 1.1438253742814833965, 42068
Rectangle(8) : 7.8266692327327865666e-5, 57420.000000000000000, 10513.000000000000000, 0.000000, 1.1440135294386875407, 42048
Rectangle(9) : 8.9482532268788812038e-5, 57392.000000000000000, 10508.000000000000000, 0.000000, 1.1442017551743939724, 42028
Rectangle(10) : 0.00010070712376541541457, 57364.000000000000000, 10502.000000000000000, 0.000000, 1.1443901014234317483, 42004
Rectangle(11) : 0.00011194047746152153946, 57336.000000000000000, 10497.000000000000000, 0.000000, 1.1445785707220100268, 41984
Rectangle(12) : 0.00012318260406124963397, 57308.000000000000000, 10492.000000000000000, 0.000000, 1.1447671207083362422, 41964
Rectangle(13) : 0.00013443351354523679531, 57280.000000000000000, 10487.000000000000000, 0.000000, 1.1449557716260243028, 41944
Rectangle(14) : 0.00014569321626217157714, 57252.000000000000000, 10482.000000000000000, 0.000000, 1.1451445384965817706, 41924
Rectangle(15) : 0.00015696172283830135025, 57223.000000000000000, 10477.000000000000000, 0.000000, 1.1453334214176338093, 41904
Rectangle(16) : 0.00016823924099389671941, 57195.000000000000000, 10472.000000000000000, 0.000000, 1.1455224130864515461, 41884
Rectangle(17) : 0.00017952558443452005268, 57167.000000000000000, 10466.000000000000000, 0.000000, 1.1457114753595049750, 41860
Rectangle(18) : 0.00019082076304035042641, 57139.000000000000000, 10461.000000000000000, 0.000000, 1.1459006720577151028, 41840
Rectangle(19) : 0.00020212478782303327180, 57111.000000000000000, 10456.000000000000000, 0.000000, 1.1460899851132997424, 41820
Rectangle(20) : 0.00021343766949404760778, 57083.000000000000000, 10451.000000000000000, 0.000000, 1.1462793737229132509, 41800
Rectangle(21) : 0.00022475941806582752914, 57055.000000000000000, 10446.000000000000000, 0.000000, 1.1464688691699594872, 41780
Rectangle(22) : 0.00023609004411385065572, 57027.000000000000000, 10441.000000000000000, 0.000000, 1.1466584811488018294, 41760
Rectangle(23) : 0.00024742955839916816900, 56998.000000000000000, 10435.000000000000000, 0.000000, 1.1468482152146361666, 41736
Rectangle(24) : 0.00025877817089810911721, 56970.000000000000000, 10430.000000000000000, 0.000000, 1.1470380254935850838, 41716
Rectangle(25) : 0.00027013569284814571689, 56942.000000000000000, 10425.000000000000000, 0.000000, 1.1472279525134498385, 41696
Rectangle(26) : 0.00028150213506151106828, 56914.000000000000000, 10420.000000000000000, 0.000000, 1.1474179963723158913, 41676
Rectangle(27) : 0.00029287750836811956340, 56886.000000000000000, 10415.000000000000000, 0.000000, 1.1476081571683671102, 41656
Rectangle(28) : 0.00030426182361560342780, 56858.000000000000000, 10410.000000000000000, 0.000000, 1.1477983891017486655, 41636
Rectangle(29) : 0.00031565509086210785401, 56829.000000000000000, 10404.000000000000000, 0.000000, 1.1479887354827996342, 41612
Rectangle(30) : 0.00032705752158379571820, 56801.000000000000000, 10399.000000000000000, 0.000000, 1.1481792122851519957, 41592
Rectangle(31) : 0.00033846892652886978373, 56773.000000000000000, 10394.000000000000000, 0.000000, 1.1483697813699369594, 41572
Rectangle(32) : 0.00034988931617482713950, 56745.000000000000000, 10389.000000000000000, 0.000000, 1.1485604416350350124, 41552
Rectangle(33) : 0.00036131870099525246354, 56717.000000000000000, 10384.000000000000000, 0.000000, 1.1487512192208506015, 41532
Rectangle(34) : 0.00037275709194013407930, 56688.000000000000000, 10378.000000000000000, 0.000000, 1.1489421326134562710, 41508
Rectangle(35) : 0.00038420470223884732145, 56660.000000000000000, 10373.000000000000000, 0.000000, 1.1491331097315154787, 41488
Rectangle(36) : 0.00039566134025034600622, 56632.000000000000000, 10368.000000000000000, 0.000000, 1.1493242043795986612, 41468
Rectangle(37) : 0.00040712701697692459538, 56604.000000000000000, 10363.000000000000000, 0.000000, 1.1495154166562384717, 41448
Rectangle(38) : 0.00041860174343894562696, 56575.000000000000000, 10358.000000000000000, 0.000000, 1.1497067466600657531, 41428
Rectangle(39) : 0.00043008573365830162790, 56547.000000000000000, 10352.000000000000000, 0.000000, 1.1498981547844405824, 41404
Rectangle(40) : 0.00044157879526695355607, 56519.000000000000000, 10347.000000000000000, 0.000000, 1.1500896848802092004, 41384
Rectangle(41) : 0.00045308093941105039431, 56490.000000000000000, 10342.000000000000000, 0.000000, 1.1502813329127039319, 41364
Rectangle(42) : 0.00046459238095668154906, 56462.000000000000000, 10337.000000000000000, 0.000000, 1.1504730953974083944, 41344
Rectangle(43) : 0.00047611292743745460695, 56434.000000000000000, 10332.000000000000000, 0.000000, 1.1506649313606555582, 41324
Rectangle(44) : 0.00048764258919031025351, 56405.000000000000000, 10327.000000000000000, 0.000000, 1.1508568854382506098, 41304
Rectangle(45) : 0.00049918158192922082189, 56377.000000000000000, 10321.000000000000000, 0.000000, 1.1510489789973000783, 41280
Rectangle(46) : 0.00051072971288683297008, 56349.000000000000000, 10316.000000000000000, 0.000000, 1.1512411488775168386, 41260
Rectangle(47) : 0.00052228699249920438463, 56320.000000000000000, 10311.000000000000000, 0.000000, 1.1514334220513453628, 41240
Rectangle(48) : 0.00053385363706687742020, 56292.000000000000000, 10306.000000000000000, 0.000000, 1.1516258170635920305, 41220
Rectangle(49) : 0.00054542945276117842266, 56264.000000000000000, 10300.000000000000000, 0.000000, 1.1518183412004109277, 41196
Rectangle(50) : 0.00055701445100517833250, 56235.000000000000000, 10295.000000000000000, 0.000000, 1.1520109340183557663, 41176
Rectangle(51) : 0.00056860884833812677682, 56207.000000000000000, 10290.000000000000000, 0.000000, 1.1522036488952029397, 41156
Rectangle(52) : 0.00058021245018300736002, 56179.000000000000000, 10285.000000000000000, 0.000000, 1.1523964825073616141, 41136
Rectangle(53) : 0.00059182526782852190485, 56150.000000000000000, 10280.000000000000000, 0.000000, 1.1525894349541027746, 41116
Rectangle(54) : 0.00060344751956412480377, 56122.000000000000000, 10274.000000000000000, 0.000000, 1.1527824584952697877, 41092
Rectangle(55) : 0.00061507900914922992811, 56093.000000000000000, 10269.000000000000000, 0.000000, 1.1529756127296569625, 41072
Rectangle(56) : 0.00062671995566180113953, 56065.000000000000000, 10264.000000000000000, 0.000000, 1.1531688894533521983, 41052
Rectangle(57) : 0.00063837016326821070340, 56037.000000000000000, 10259.000000000000000, 0.000000, 1.1533622690484709079, 41032
Rectangle(58) : 0.00065002964305921434221, 56008.000000000000000, 10254.000000000000000, 0.000000, 1.1535557317705683428, 41012
Rectangle(59) : 0.00066169861413067856773, 55980.000000000000000, 10248.000000000000000, 0.000000, 1.1537493246986215245, 40988
Rectangle(60) : 0.00067337688002383007763, 55951.000000000000000, 10243.000000000000000, 0.000000, 1.1539430421710615594, 40968
Rectangle(61) : 0.00068506466115680467253, 55923.000000000000000, 10238.000000000000000, 0.000000, 1.1541368367877176248, 40948
Rectangle(62) : 0.00069676175960981537698, 55894.000000000000000, 10233.000000000000000, 0.000000, 1.1543307440986712368, 40928
Rectangle(63) : 0.00070846839617364461155, 55866.000000000000000, 10227.000000000000000, 0.000000, 1.1545247891112955607, 40904
Rectangle(64) : 0.00072018437349636855027, 55837.000000000000000, 10222.000000000000000, 0.000000, 1.1547189292929918470, 40884
Rectangle(65) : 0.00073190991264232896804, 55809.000000000000000, 10217.000000000000000, 0.000000, 1.1549131625418627830, 40864
Rectangle(66) : 0.00074364481494378326364, 55780.000000000000000, 10212.000000000000000, 0.000000, 1.1551075155389552944, 40844
Rectangle(67) : 0.00075538930249378246217, 55752.000000000000000, 10207.000000000000000, 0.000000, 1.1553019918699358334, 40824
Rectangle(68) : 0.00076714317664843047181, 55723.000000000000000, 10201.000000000000000, 0.000000, 1.1554965709295400059, 40800
Rectangle(69) : 0.00077890665978698259582, 55695.000000000000000, 10196.000000000000000, 0.000000, 1.1556912506488659103, 40780
Rectangle(70) : 0.00079067955233835822936, 55666.000000000000000, 10191.000000000000000, 0.000000, 1.1558860504298963195, 40760
Rectangle(71) : 0.00080246207758590424164, 55638.000000000000000, 10186.000000000000000, 0.000000, 1.1560809738735484144, 40740
Rectangle(72) : 0.00081425403584956484077, 55609.000000000000000, 10180.000000000000000, 0.000000, 1.1562759781751675291, 40716
Rectangle(73) : 0.00082605565030361306191, 55581.000000000000000, 10175.000000000000000, 0.000000, 1.1564711054629422455, 40696
Rectangle(74) : 0.00083786672073168996311, 55552.000000000000000, 10170.000000000000000, 0.000000, 1.1566663531261892131, 40676
Rectangle(75) : 0.00084968747161601796594, 55523.000000000000000, 10165.000000000000000, 0.000000, 1.1568617247811560807, 40656
Rectangle(76) : 0.00086151791530207880704, 55495.000000000000000, 10159.000000000000000, 0.000000, 1.1570571589024877828, 40632
Rectangle(77) : 0.00087335784969080730119, 55466.000000000000000, 10154.000000000000000, 0.000000, 1.1572527348573466414, 40612
Rectangle(78) : 0.00088520750055543331787, 55438.000000000000000, 10149.000000000000000, 0.000000, 1.1574484350292502059, 40592
Rectangle(79) : 0.00089706666638084639565, 55409.000000000000000, 10144.000000000000000, 0.000000, 1.1576442283904543088, 40572
Rectangle(80) : 0.00090893557266665654037, 55380.000000000000000, 10138.000000000000000, 0.000000, 1.1578401174831490051, 40548
Rectangle(81) : 0.00092081423134276974018, 55352.000000000000000, 10133.000000000000000, 0.000000, 1.1580361467431714562, 40528
Rectangle(82) : 0.00093270244038206681085, 55323.000000000000000, 10128.000000000000000, 0.000000, 1.1582322940021939687, 40508
Rectangle(83) : 0.00094460042664460127154, 55294.000000000000000, 10123.000000000000000, 0.000000, 1.1584285152682816945, 40488
Rectangle(84) : 0.00095650820172450653603, 55266.000000000000000, 10117.000000000000000, 0.000000, 1.1586248654000405415, 40464
Rectangle(85) : 0.00096842556258652008037, 55237.000000000000000, 10112.000000000000000, 0.000000, 1.1588213455412996882, 40444
Rectangle(86) : 0.00098035273722564421253, 55208.000000000000000, 10107.000000000000000, 0.000000, 1.1590179186901724257, 40424
Rectangle(87) : 0.00099228973763663849644, 55180.000000000000000, 10102.000000000000000, 0.000000, 1.1592145947931144262, 40404
Rectangle(88) : 0.0010042363595067565542, 55151.000000000000000, 10096.000000000000000, 0.000000, 1.1594114035397505702, 40380
Rectangle(89) : 0.0010161928318017240175, 55122.000000000000000, 10091.000000000000000, 0.000000, 1.1596083324792437364, 40360
Rectangle(90) : 0.0010281591670667587357, 55094.000000000000000, 10086.000000000000000, 0.000000, 1.1598053393564169278, 40340
Rectangle(91) : 0.0010401351597221552749, 55065.000000000000000, 10080.000000000000000, 0.000000, 1.1600024729700575720, 40316
Rectangle(92) : 0.0010521210395545362350, 55036.000000000000000, 10075.000000000000000, 0.000000, 1.1601997399044231577, 40296
Rectangle(93) : 0.0010641168194059866158, 55008.000000000000000, 10070.000000000000000, 0.000000, 1.1603970968211903930, 40276
Rectangle(94) : 0.0010761222930974713161, 54979.000000000000000, 10065.000000000000000, 0.000000, 1.1605945568733052654, 40256
Rectangle(95) : 0.0010881376909197908429, 54950.000000000000000, 10059.000000000000000, 0.000000, 1.1607921545409574167, 40232
Rectangle(96) : 0.0011001630258522923428, 54921.000000000000000, 10054.000000000000000, 0.000000, 1.1609898691555971631, 40212
Rectangle(97) : 0.0011121983105185510992, 54893.000000000000000, 10049.000000000000000, 0.000000, 1.1611876649399433133, 40192
Rectangle(98) : 0.0011242433374790003972, 54864.000000000000000, 10044.000000000000000, 0.000000, 1.1613855828720522506, 40172
Rectangle(99) : 0.0011362983386249622711, 54835.000000000000000, 10038.000000000000000, 0.000000, 1.1615836457350610622, 40148
Rectangle(100) : 0.0011483633271493547406, 54806.000000000000000, 10033.000000000000000, 0.000000, 1.1617817904277103166, 40128
Rectangle(101) : 0.0011604383151146817178, 54777.000000000000000, 10028.000000000000000, 0.000000, 1.1619800449050112085, 40108
Rectangle(102) : 0.0011725233151129476179, 54749.000000000000000, 10022.000000000000000, 0.000000, 1.1621784382386324409, 40084
Rectangle(103) : 0.0011846181193694387400, 54720.000000000000000, 10017.000000000000000, 0.000000, 1.1623769425515251276, 40064
Rectangle(104) : 0.0011967229611558335705, 54691.000000000000000, 10012.000000000000000, 0.000000, 1.1625755305405907869, 40044
Rectangle(105) : 0.0012088378526469489421, 54662.000000000000000, 10006.000000000000000, 0.000000, 1.1627742512240028251, 40020
Rectangle(106) : 0.0012209628069337295726, 54633.000000000000000, 10001.000000000000000, 0.000000, 1.1629731052757405750, 40000
Rectangle(107) : 0.0012330978371403032657, 54604.000000000000000, 9996.0000000000000000, 0.000000, 1.1631720454220337396, 39980
Rectangle(108) : 0.0012452429555459518215, 54576.000000000000000, 9991.0000000000000000, 0.000000, 1.1633710976786044913, 39960
Rectangle(109) : 0.0012573979522052636892, 54547.000000000000000, 9985.0000000000000000, 0.000000, 1.1635702862032503450, 39936
Rectangle(110) : 0.0012695630627741904926, 54518.000000000000000, 9980.0000000000000000, 0.000000, 1.1637695879189829361, 39916
Rectangle(111) : 0.0012817383000888202100, 54489.000000000000000, 9975.0000000000000000, 0.000000, 1.1639689750682105767, 39896
Rectangle(112) : 0.0012939236764963191653, 54460.000000000000000, 9969.0000000000000000, 0.000000, 1.1641684958340044089, 39872
Rectangle(113) : 0.0013061192052483207153, 54431.000000000000000, 9964.0000000000000000, 0.000000, 1.1643681502681940621, 39852
Rectangle(114) : 0.0013183248996185912240, 54402.000000000000000, 9959.0000000000000000, 0.000000, 1.1645678899897533644, 39832
Rectangle(115) : 0.0013305407720128001385, 54373.000000000000000, 9953.0000000000000000, 0.000000, 1.1647677435066720547, 39808
Rectangle(116) : 0.0013427668353807708603, 54344.000000000000000, 9948.0000000000000000, 0.000000, 1.1649677375628990780, 39788
Rectangle(117) : 0.0013550031031851816338, 54315.000000000000000, 9943.0000000000000000, 0.000000, 1.1651678445001683546, 39768
Rectangle(118) : 0.0013672495884010551191, 54286.000000000000000, 9938.0000000000000000, 0.000000, 1.1653680378506273118, 39748
Rectangle(119) : 0.0013795063035366449086, 54257.000000000000000, 9932.0000000000000000, 0.000000, 1.1655683655535138869, 39724
Rectangle(120) : 0.0013917732620038199070, 54229.000000000000000, 9927.0000000000000000, 0.000000, 1.1657688274210682425, 39704
Rectangle(121) : 0.0014040502508367518851, 54200.000000000000000, 9922.0000000000000000, 0.000000, 1.1659693708698916445, 39684
Rectangle(122) : 0.0014163375086018790372, 54171.000000000000000, 9916.0000000000000000, 0.000000, 1.1661700288994304636, 39660
Rectangle(123) : 0.0014286350484091454799, 54142.000000000000000, 9911.0000000000000000, 0.000000, 1.1663708281047955387, 39640
Rectangle(124) : 0.0014409428838807718612, 54113.000000000000000, 9906.0000000000000000, 0.000000, 1.1665717407780811401, 39620
Rectangle(125) : 0.0014532610281488420318, 54084.000000000000000, 9900.0000000000000000, 0.000000, 1.1667727333307133163, 39596
Rectangle(126) : 0.0014655894937455196687, 54055.000000000000000, 9895.0000000000000000, 0.000000, 1.1669738741634927999, 39576
Rectangle(127) : 0.0014779282944885312828, 54026.000000000000000, 9890.0000000000000000, 0.000000, 1.1671751431560747462, 39556
Rectangle(128) : 0.0014902774438454348986, 53997.000000000000000, 9884.0000000000000000, 0.000000, 1.1673764846062981035, 39532
Rectangle(129) : 0.0015026369542739086676, 53967.000000000000000, 9879.0000000000000000, 0.000000, 1.1675779676624695524, 39512
Rectangle(130) : 0.0015150070687450200792, 53938.000000000000000, 9874.0000000000000000, 0.000000, 1.1677795828437634998, 39492
Rectangle(131) : 0.0015273875719680495482, 53909.000000000000000, 9868.0000000000000000, 0.000000, 1.1679812922688746389, 39468
Rectangle(132) : 0.0015397784768683236145, 53880.000000000000000, 9863.0000000000000000, 0.000000, 1.1681831218881345329, 39448
Rectangle(133) : 0.0015521797968736713230, 53851.000000000000000, 9858.0000000000000000, 0.000000, 1.1683850801319124110, 39428
Rectangle(134) : 0.0015645915455901652119, 53822.000000000000000, 9852.0000000000000000, 0.000000, 1.1685871546892748287, 39404
Rectangle(135) : 0.0015770137364171369860, 53793.000000000000000, 9847.0000000000000000, 0.000000, 1.1687893277368071483, 39384
Rectangle(136) : 0.0015894463824442558890, 53764.000000000000000, 9842.0000000000000000, 0.000000, 1.1689916296389987565, 39364
Rectangle(137) : 0.0016018894973471462758, 53735.000000000000000, 9836.0000000000000000, 0.000000, 1.1691940702157051391, 39340
Rectangle(138) : 0.0016143430950063200944, 53706.000000000000000, 9831.0000000000000000, 0.000000, 1.1693965872874489395, 39320
Rectangle(139) : 0.0016268071881669995145, 53677.000000000000000, 9826.0000000000000000, 0.000000, 1.1695992334439414198, 39300
Rectangle(140) : 0.0016392817905748080996, 53647.000000000000000, 9820.0000000000000000, 0.000000, 1.1698020305199625247, 39276
Rectangle(141) : 0.0016517671491320426612, 53618.000000000000000, 9815.0000000000000000, 0.000000, 1.1700049064003946483, 39256
Rectangle(142) : 0.0016642630442866622786, 53589.000000000000000, 9810.0000000000000000, 0.000000, 1.1702079011927587277, 39236
Rectangle(143) : 0.0016767694896615108245, 53560.000000000000000, 9804.0000000000000000, 0.000000, 1.1704110399833531786, 39212
Rectangle(144) : 0.0016892864993699378817, 53531.000000000000000, 9799.0000000000000000, 0.000000, 1.1706142909626009334, 39192
Rectangle(145) : 0.0017018140869540032070, 53502.000000000000000, 9794.0000000000000000, 0.000000, 1.1708176312139933302, 39172
Rectangle(146) : 0.0017143522655494574579, 53472.000000000000000, 9788.0000000000000000, 0.000000, 1.1710211084429952076, 39148
Rectangle(147) : 0.0017269012838850909709, 53443.000000000000000, 9783.0000000000000000, 0.000000, 1.1712247258110502680, 39128
Rectangle(148) : 0.0017394609217387116559, 53414.000000000000000, 9777.0000000000000000, 0.000000, 1.1714284155299022201, 39104
Rectangle(149) : 0.0017520311919961329728, 53385.000000000000000, 9772.0000000000000000, 0.000000, 1.1716322494118853669, 39084
Rectangle(150) : 0.0017646121089093461482, 53356.000000000000000, 9767.0000000000000000, 0.000000, 1.1718362133367066239, 39064
Rectangle(151) : 0.0017772036864889380708, 53326.000000000000000, 9761.0000000000000000, 0.000000, 1.1720402727785710515, 39040
Rectangle(152) : 0.0017898061744456303232, 53297.000000000000000, 9756.0000000000000000, 0.000000, 1.1722444574111177126, 39020
Rectangle(153) : 0.0018024193507484450729, 53268.000000000000000, 9751.0000000000000000, 0.000000, 1.1724487723210838112, 39000
Rectangle(154) : 0.0018150432294809126671, 53239.000000000000000, 9745.0000000000000000, 0.000000, 1.1726532062258187183, 38976
Rectangle(155) : 0.0018276778245376533782, 53209.000000000000000, 9740.0000000000000000, 0.000000, 1.1728577383891191457, 38956
Rectangle(156) : 0.0018403233871001732366, 53180.000000000000000, 9734.0000000000000000, 0.000000, 1.1730624197273035019, 38932
Rectangle(157) : 0.0018529796943534132423, 53151.000000000000000, 9729.0000000000000000, 0.000000, 1.1732672142100355605, 38912
Rectangle(158) : 0.0018656467601510470697, 53122.000000000000000, 9724.0000000000000000, 0.000000, 1.1734720983541780555, 38892
Rectangle(159) : 0.0018783245979273766141, 53092.000000000000000, 9718.0000000000000000, 0.000000, 1.1736771205112078492, 38868
Rectangle(160) : 0.0018910134610425579568, 53063.000000000000000, 9713.0000000000000000, 0.000000, 1.1738822841742811132, 38848
Rectangle(161) : 0.0019037131252940002257, 53034.000000000000000, 9708.0000000000000000, 0.000000, 1.1740875356149789418, 38828
Rectangle(162) : 0.0019164236041493567694, 53004.000000000000000, 9702.0000000000000000, 0.000000, 1.1742929029581747672, 38804
Rectangle(163) : 0.0019291451516355497882, 52975.000000000000000, 9697.0000000000000000, 0.000000, 1.1744984197344400376, 38784
Rectangle(164) : 0.0019418775427584273727, 52946.000000000000000, 9691.0000000000000000, 0.000000, 1.1747040339767059136, 38760
Rectangle(165) : 0.0019546207912375703847, 52916.000000000000000, 9686.0000000000000000, 0.000000, 1.1749097692377373798, 38740
Rectangle(166) : 0.0019673751522859817797, 52887.000000000000000, 9681.0000000000000000, 0.000000, 1.1751156397487289400, 38720
Rectangle(167) : 0.0019801403996955290965, 52857.000000000000000, 9675.0000000000000000, 0.000000, 1.1753216321696445997, 38696
Rectangle(168) : 0.0019929167894295216537, 52828.000000000000000, 9670.0000000000000000, 0.000000, 1.1755277254378698676, 38676
Rectangle(169) : 0.0020057040939922132163, 52799.000000000000000, 9664.0000000000000000, 0.000000, 1.1757339646144938830, 38652
Rectangle(170) : 0.0020185023281370737986, 52769.000000000000000, 9659.0000000000000000, 0.000000, 1.1759403218546561594, 38632
Rectangle(171) : 0.0020313117488548182349, 52740.000000000000000, 9654.0000000000000000, 0.000000, 1.1761467698663072983, 38612
Rectangle(172) : 0.0020441321275022643346, 52710.000000000000000, 9648.0000000000000000, 0.000000, 1.1763533561550043444, 38588
Rectangle(173) : 0.0020569637221931200421, 52681.000000000000000, 9643.0000000000000000, 0.000000, 1.1765600861103541387, 38568
Rectangle(174) : 0.0020698063046442951174, 52652.000000000000000, 9637.0000000000000000, 0.000000, 1.1767668928582251886, 38544
Rectangle(175) : 0.0020826598884180971608, 52622.000000000000000, 9632.0000000000000000, 0.000000, 1.1769738425365731677, 38524
Rectangle(176) : 0.0020955247328279746487, 52593.000000000000000, 9627.0000000000000000, 0.000000, 1.1771809283676670131, 38504
Rectangle(177) : 0.0021084006084838160536, 52563.000000000000000, 9621.0000000000000000, 0.000000, 1.1773881161165251443, 38480
Rectangle(178) : 0.0021212877746675674595, 52534.000000000000000, 9616.0000000000000000, 0.000000, 1.1775954259874607381, 38460
Rectangle(179) : 0.0021341860010730850431, 52504.000000000000000, 9610.0000000000000000, 0.000000, 1.1778028893819971112, 38436
Rectangle(180) : 0.0021470955487148265697, 52475.000000000000000, 9605.0000000000000000, 0.000000, 1.1780104419798307959, 38416
Rectangle(181) : 0.0021600161860083917111, 52445.000000000000000, 9600.0000000000000000, 0.000000, 1.1782181087346705524, 38396
Rectangle(182) : 0.0021729481739716803097, 52416.000000000000000, 9594.0000000000000000, 0.000000, 1.1784259251198902263, 38372
Rectangle(183) : 0.0021858912815174657612, 52386.000000000000000, 9589.0000000000000000, 0.000000, 1.1786338687335262225, 38352
Rectangle(184) : 0.0021988457706697874926, 52357.000000000000000, 9583.0000000000000000, 0.000000, 1.1788418873521290913, 38328
Rectangle(185) : 0.0022118114082607902065, 52327.000000000000000, 9578.0000000000000000, 0.000000, 1.1790500629025613656, 38308
Rectangle(186) : 0.0022247884576407004128, 52298.000000000000000, 9573.0000000000000000, 0.000000, 1.1792583755146730177, 38288
Rectangle(187) : 0.0022377766861678844928, 52268.000000000000000, 9567.0000000000000000, 0.000000, 1.1794667709957230146, 38264
Rectangle(188) : 0.0022507763565397319524, 52239.000000000000000, 9562.0000000000000000, 0.000000, 1.1796753089377212998, 38244
Rectangle(189) : 0.0022637872355561319849, 52209.000000000000000, 9556.0000000000000000, 0.000000, 1.1798840009768373949, 38220
Rectangle(190) : 0.0022768095880428074124, 52179.000000000000000, 9551.0000000000000000, 0.000000, 1.1800927645143649785, 38200
Rectangle(191) : 0.0022898434285632153347, 52150.000000000000000, 9545.0000000000000000, 0.000000, 1.1803016701808443593, 38176
Rectangle(192) : 0.0023028885229099237596, 52120.000000000000000, 9540.0000000000000000, 0.000000, 1.1805107192397892977, 38156
Rectangle(193) : 0.0023159451368631046748, 52091.000000000000000, 9535.0000000000000000, 0.000000, 1.1807198741764927356, 38136
Rectangle(194) : 0.0023290130348527092655, 52061.000000000000000, 9529.0000000000000000, 0.000000, 1.1809291310506266742, 38112
Rectangle(195) : 0.0023420924826360908117, 52031.000000000000000, 9524.0000000000000000, 0.000000, 1.1811385440652736773, 38092
Rectangle(196) : 0.0023551834965329075878, 52002.000000000000000, 9518.0000000000000000, 0.000000, 1.1813480713572012020, 38068
Rectangle(197) : 0.0023682858401227156952, 51972.000000000000000, 9513.0000000000000000, 0.000000, 1.1815577108693640118, 38048
Rectangle(198) : 0.0023813997805304229994, 51942.000000000000000, 9507.0000000000000000, 0.000000, 1.1817675075023706877, 38024
Rectangle(199) : 0.0023945253341768434431, 51913.000000000000000, 9502.0000000000000000, 0.000000, 1.1819774074371864334, 38004
Rectangle(200) : 0.0024076622634130113862, 51883.000000000000000, 9496.0000000000000000, 0.000000, 1.1821874077315715379, 37980
Rectangle(201) : 0.0024208108363122572189, 51853.000000000000000, 9491.0000000000000000, 0.000000, 1.1823975652387200333, 37960
Rectangle(202) : 0.0024339710693795574722, 51824.000000000000000, 9486.0000000000000000, 0.000000, 1.1826078612674746610, 37940
Rectangle(203) : 0.0024471427246216745350, 51794.000000000000000, 9480.0000000000000000, 0.000000, 1.1828182236250694008, 37916
Rectangle(204) : 0.0024603260706390717123, 51764.000000000000000, 9475.0000000000000000, 0.000000, 1.1830287470611908417, 37896
Rectangle(205) : 0.0024735211240943918352, 51735.000000000000000, 9469.0000000000000000, 0.000000, 1.1832394141459692500, 37872
Rectangle(206) : 0.0024867276460649334269, 51705.000000000000000, 9464.0000000000000000, 0.000000, 1.1834501652554884406, 37852
Rectangle(207) : 0.0024999459066829682097, 51675.000000000000000, 9458.0000000000000000, 0.000000, 1.1836610651509164327, 37828
Rectangle(208) : 0.0025131759224575384357, 51645.000000000000000, 9453.0000000000000000, 0.000000, 1.1838721089573123450, 37808
Rectangle(209) : 0.0025264177098320628301, 51616.000000000000000, 9447.0000000000000000, 0.000000, 1.1840832252754386334, 37784
Rectangle(210) : 0.0025396710271227370131, 51586.000000000000000, 9442.0000000000000000, 0.000000, 1.1842944972685409659, 37764
Rectangle(211) : 0.0025529361474512862506, 51556.000000000000000, 9436.0000000000000000, 0.000000, 1.1845059158427552397, 37740
Rectangle(212) : 0.0025662130873970298157, 51526.000000000000000, 9431.0000000000000000, 0.000000, 1.1847174203907447950, 37720
Rectangle(213) : 0.0025795018623919982742, 51497.000000000000000, 9426.0000000000000000, 0.000000, 1.1849290643920047784, 37700
Rectangle(214) : 0.0025928022306540718859, 51467.000000000000000, 9420.0000000000000000, 0.000000, 1.1851408678614666079, 37676
Rectangle(215) : 0.0026061144669969997155, 51437.000000000000000, 9415.0000000000000000, 0.000000, 1.1853527521843901655, 37656
Rectangle(216) : 0.0026194385868365002728, 51407.000000000000000, 9409.0000000000000000, 0.000000, 1.1855647648493663935, 37632
Rectangle(217) : 0.0026327746065390576365, 51377.000000000000000, 9404.0000000000000000, 0.000000, 1.1857769321291757067, 37612
Rectangle(218) : 0.0026461225430111983941, 51348.000000000000000, 9398.0000000000000000, 0.000000, 1.1859892031847760346, 37588
Rectangle(219) : 0.0026594821520161211961, 51318.000000000000000, 9393.0000000000000000, 0.000000, 1.1862015998341055096, 37568
Rectangle(220) : 0.0026728537097509141637, 51288.000000000000000, 9387.0000000000000000, 0.000000, 1.1864141597644438506, 37544
Rectangle(221) : 0.0026862372333775801255, 51258.000000000000000, 9382.0000000000000000, 0.000000, 1.1866268060631508945, 37524
Rectangle(222) : 0.0026996327385877551400, 51228.000000000000000, 9376.0000000000000000, 0.000000, 1.1868395757385793552, 37500
Rectangle(223) : 0.0027130402418230674566, 51198.000000000000000, 9371.0000000000000000, 0.000000, 1.1870525017815470290, 37480
Rectangle(224) : 0.0027264597601984248344, 51168.000000000000000, 9365.0000000000000000, 0.000000, 1.1872655355278958145, 37456
Rectangle(225) : 0.0027398913099077723918, 51138.000000000000000, 9360.0000000000000000, 0.000000, 1.1874786958926249471, 37436
Rectangle(226) : 0.0027533349075434371606, 51109.000000000000000, 9354.0000000000000000, 0.000000, 1.1876920190412695720, 37412
Rectangle(227) : 0.0027667903071607505412, 51079.000000000000000, 9349.0000000000000000, 0.000000, 1.1879054309786294177, 37392
Rectangle(228) : 0.0027802577875534487033, 51049.000000000000000, 9343.0000000000000000, 0.000000, 1.1881189602465525426, 37368
Rectangle(229) : 0.0027937373652189573820, 51019.000000000000000, 9338.0000000000000000, 0.000000, 1.1883326478478173578, 37348
Rectangle(230) : 0.0028072290574874812135, 50989.000000000000000, 9332.0000000000000000, 0.000000, 1.1885464477471019492, 37324
Rectangle(231) : 0.0028207328808169660426, 50959.000000000000000, 9327.0000000000000000, 0.000000, 1.1887603704856173015, 37304
Rectangle(232) : 0.0028342488519012812234, 50929.000000000000000, 9321.0000000000000000, 0.000000, 1.1889744552913663546, 37280
Rectangle(233) : 0.0028477769882340457850, 50899.000000000000000, 9316.0000000000000000, 0.000000, 1.1891886407612075624, 37260
Rectangle(234) : 0.0028613173061334388489, 50869.000000000000000, 9310.0000000000000000, 0.000000, 1.1894029364056293043, 37236
Rectangle(235) : 0.0028748698221334708783, 50839.000000000000000, 9305.0000000000000000, 0.000000, 1.1896173925739455746, 37216
Rectangle(236) : 0.0028884345537877903098, 50809.000000000000000, 9299.0000000000000000, 0.000000, 1.1898319663279914674, 37192
Rectangle(237) : 0.0029020115178360493085, 50779.000000000000000, 9294.0000000000000000, 0.000000, 1.1900466584583356352, 37172
Rectangle(238) : 0.0029156007310631379797, 50749.000000000000000, 9288.0000000000000000, 0.000000, 1.1902615117227728736, 37148
Rectangle(239) : 0.0029292022111262480484, 50719.000000000000000, 9283.0000000000000000, 0.000000, 1.1904764745010174421, 37128
Rectangle(240) : 0.0029428159746961334452, 50689.000000000000000, 9277.0000000000000000, 0.000000, 1.1906915391479070381, 37104
Rectangle(241) : 0.0029564420383223226981, 50659.000000000000000, 9272.0000000000000000, 0.000000, 1.1909067667358522674, 37084
Rectangle(242) : 0.0029700804197893049178, 50629.000000000000000, 9266.0000000000000000, 0.000000, 1.1911221179068654474, 37060
Rectangle(243) : 0.0029837311361358032773, 50599.000000000000000, 9261.0000000000000000, 0.000000, 1.1913375822808370128, 37040
Rectangle(244) : 0.0029973942042257030187, 50569.000000000000000, 9255.0000000000000000, 0.000000, 1.1915532066273051434, 37016
Rectangle(245) : 0.0030110696418777686151, 50539.000000000000000, 9250.0000000000000000, 0.000000, 1.1917689505175781225, 36996
Rectangle(246) : 0.0030247574661425458786, 50508.000000000000000, 9244.0000000000000000, 0.000000, 1.1919847867847115238, 36972
Rectangle(247) : 0.0030384579648117608846, 50478.000000000000000, 9239.0000000000000000, 0.000000, 1.1922007929194164791, 36952
Rectangle(248) : 0.0030521708851516994020, 50448.000000000000000, 9233.0000000000000000, 0.000000, 1.1924169293713748759, 36928
Rectangle(249) : 0.0030658962445191941466, 50418.000000000000000, 9228.0000000000000000, 0.000000, 1.1926331731254978237, 36908
Rectangle(250) : 0.0030796340598455755545, 50388.000000000000000, 9222.0000000000000000, 0.000000, 1.1928495754599628885, 36884
Rectangle(251) : 0.0030933843491100822404, 50358.000000000000000, 9217.0000000000000000, 0.000000, 1.1930661085904870489, 36864
Rectangle(252) : 0.0031071471297723501432, 50328.000000000000000, 9211.0000000000000000, 0.000000, 1.1932827233883490961, 36840
Rectangle(253) : 0.0031209224183470669826, 50298.000000000000000, 9205.0000000000000000, 0.000000, 1.1934995303574987067, 36816
Rectangle(254) : 0.0031347102335754557597, 50267.000000000000000, 9200.0000000000000000, 0.000000, 1.1937164277691781434, 36796
Rectangle(255) : 0.0031485108667496889175, 50237.000000000000000, 9194.0000000000000000, 0.000000, 1.1939334517958934703, 36772
Rectangle(256) : 0.0031623240612437051499, 50207.000000000000000, 9189.0000000000000000, 0.000000, 1.1941506368037307963, 36752
Rectangle(257) : 0.0031761498352752890087, 50177.000000000000000, 9183.0000000000000000, 0.000000, 1.1943679352154779611, 36728
Rectangle(258) : 0.0031899882061467137244, 50147.000000000000000, 9178.0000000000000000, 0.000000, 1.1945853590787816344, 36708
Rectangle(259) : 0.0032038391914315519328, 50116.000000000000000, 9172.0000000000000000, 0.000000, 1.1948029481426023402, 36684
Rectangle(260) : 0.0032177030861586371419, 50086.000000000000000, 9167.0000000000000000, 0.000000, 1.1950206447434610056, 36664
Rectangle(261) : 0.0032315796313956986163, 50056.000000000000000, 9161.0000000000000000, 0.000000, 1.1952384514300440411, 36640
Rectangle(262) : 0.0032454688445056163892, 50026.000000000000000, 9156.0000000000000000, 0.000000, 1.1954564222921791888, 36620
Rectangle(263) : 0.0032593707439637417478, 49996.000000000000000, 9150.0000000000000000, 0.000000, 1.1956745149785052690, 36596
Rectangle(264) : 0.0032732853474315892809, 49965.000000000000000, 9145.0000000000000000, 0.000000, 1.1958927255269698598, 36576
Rectangle(265) : 0.0032872129512648119340, 49935.000000000000000, 9139.0000000000000000, 0.000000, 1.1961111037099995937, 36552
Rectangle(266) : 0.0033011532957868906282, 49905.000000000000000, 9133.0000000000000000, 0.000000, 1.1963295761423936577, 36528
Rectangle(267) : 0.0033151063982043316393, 49874.000000000000000, 9128.0000000000000000, 0.000000, 1.1965481911406166077, 36508
Rectangle(268) : 0.0033290725567466706658, 49844.000000000000000, 9122.0000000000000000, 0.000000, 1.1967669820170667274, 36484
Rectangle(269) : 0.0033430515107234194565, 49814.000000000000000, 9117.0000000000000000, 0.000000, 1.1969858502292868367, 36464
Rectangle(270) : 0.0033570432770989220630, 49784.000000000000000, 9111.0000000000000000, 0.000000, 1.1972048551983774004, 36440
Rectangle(271) : 0.0033710478740617691102, 49753.000000000000000, 9106.0000000000000000, 0.000000, 1.1974240203757922040, 36420
Rectangle(272) : 0.0033850656020455247069, 49723.000000000000000, 9100.0000000000000000, 0.000000, 1.1976432968907362396, 36396
Rectangle(273) : 0.0033990961974820578252, 49693.000000000000000, 9094.0000000000000000, 0.000000, 1.1978627156467029617, 36372
Rectangle(274) : 0.0034131396787701004663, 49662.000000000000000, 9089.0000000000000000, 0.000000, 1.1980822871757719699, 36352
Rectangle(275) : 0.0034271963475948713569, 49632.000000000000000, 9083.0000000000000000, 0.000000, 1.1983019458899884555, 36328
Rectangle(276) : 0.0034412659387032286356, 49601.000000000000000, 9078.0000000000000000, 0.000000, 1.1985217631866533682, 36308
Rectangle(277) : 0.0034553487548397309917, 49571.000000000000000, 9072.0000000000000000, 0.000000, 1.1987417514599845671, 36284
Rectangle(278) : 0.0034694445316338240011, 49541.000000000000000, 9067.0000000000000000, 0.000000, 1.1989618148331659479, 36264
Rectangle(279) : 0.0034835532862983072765, 49510.000000000000000, 9061.0000000000000000, 0.000000, 1.1991820288972736838, 36240
Rectangle(280) : 0.0034976753228343055331, 49480.000000000000000, 9055.0000000000000000, 0.000000, 1.1994024009670852059, 36216
Rectangle(281) : 0.0035118103754003339326, 49449.000000000000000, 9050.0000000000000000, 0.000000, 1.1996228723448132176, 36196
Rectangle(282) : 0.0035259587479123121974, 49419.000000000000000, 9044.0000000000000000, 0.000000, 1.1998435069416777495, 36172
Rectangle(283) : 0.0035401201738201953547, 49389.000000000000000, 9039.0000000000000000, 0.000000, 1.2000642907652923733, 36152
Rectangle(284) : 0.0035542946720032987253, 49358.000000000000000, 9033.0000000000000000, 0.000000, 1.2002851437559661639, 36128
Rectangle(285) : 0.0035684825471958909326, 49328.000000000000000, 9028.0000000000000000, 0.000000, 1.2005061746546239563, 36108
Rectangle(286) : 0.0035826835319237255084, 49297.000000000000000, 9022.0000000000000000, 0.000000, 1.2007273599125844519, 36084
Rectangle(287) : 0.0035968979336096817421, 49267.000000000000000, 9016.0000000000000000, 0.000000, 1.2009486314633907535, 36060
Rectangle(288) : 0.0036111254820998149094, 49236.000000000000000, 9011.0000000000000000, 0.000000, 1.2011700722835206627, 36040
Rectangle(289) : 0.0036253664860864003481, 49206.000000000000000, 9005.0000000000000000, 0.000000, 1.2013916483205176673, 36016
Rectangle(290) : 0.0036396206755820008372, 49175.000000000000000, 9000.0000000000000000, 0.000000, 1.2016133369508408103, 35996
Rectangle(291) : 0.0036538883590990489473, 49145.000000000000000, 8994.0000000000000000, 0.000000, 1.2018351939170261074, 35972
Rectangle(292) : 0.0036681692664938404033, 49114.000000000000000, 8988.0000000000000000, 0.000000, 1.2020571570137187814, 35948
Rectangle(293) : 0.0036824637071220465926, 49084.000000000000000, 8983.0000000000000000, 0.000000, 1.2022792613101888921, 35928
Rectangle(294) : 0.0036967714094549898917, 49053.000000000000000, 8977.0000000000000000, 0.000000, 1.2025015374680815620, 35904
Rectangle(295) : 0.0037110926851663241946, 49023.000000000000000, 8972.0000000000000000, 0.000000, 1.2027239121346174268, 35884
Rectangle(296) : 0.0037254272610212212313, 48992.000000000000000, 8966.0000000000000000, 0.000000, 1.2029464091824100378, 35860
Rectangle(297) : 0.0037397754486678249633, 48961.000000000000000, 8960.0000000000000000, 0.000000, 1.2031691003903325520, 35836
Rectangle(298) : 0.0037541372693085457931, 48931.000000000000000, 8955.0000000000000000, 0.000000, 1.2033918701760369355, 35816
Rectangle(299) : 0.0037685124480331996309, 48900.000000000000000, 8949.0000000000000000, 0.000000, 1.2036147920598934446, 35792
Rectangle(300) : 0.0037829012985865716850, 48870.000000000000000, 8943.0000000000000000, 0.000000, 1.2038378772993013701, 35768
Rectangle(301) : 0.0037973035469454687869, 48839.000000000000000, 8938.0000000000000000, 0.000000, 1.2040610602811951702, 35748
Rectangle(302) : 0.0038117195067374627911, 48808.000000000000000, 8932.0000000000000000, 0.000000, 1.2042844078416876287, 35724
Rectangle(303) : 0.0038261491987519212329, 48778.000000000000000, 8927.0000000000000000, 0.000000, 1.2045079121754173836, 35704
Rectangle(304) : 0.0038405923475521060987, 48747.000000000000000, 8921.0000000000000000, 0.000000, 1.2047314894810670535, 35680
Rectangle(305) : 0.0038550492677621921974, 48717.000000000000000, 8915.0000000000000000, 0.000000, 1.2049552635583344662, 35656
Rectangle(306) : 0.0038695196839117567122, 48686.000000000000000, 8910.0000000000000000, 0.000000, 1.2051791596846031926, 35636
Rectangle(307) : 0.0038840039126363305772, 48655.000000000000000, 8904.0000000000000000, 0.000000, 1.2054031556474491416, 35612
Rectangle(308) : 0.0038985019735889037792, 48625.000000000000000, 8898.0000000000000000, 0.000000, 1.2056273570813458721, 35588
Rectangle(309) : 0.0039130135901869777303, 48594.000000000000000, 8893.0000000000000000, 0.000000, 1.2058516422261675390, 35568
Rectangle(310) : 0.0039275390797994024646, 48563.000000000000000, 8887.0000000000000000, 0.000000, 1.2060760658305419220, 35544
Rectangle(311) : 0.0039420784629888788544, 48532.000000000000000, 8882.0000000000000000, 0.000000, 1.2063006604568451732, 35524
Rectangle(312) : 0.0039566317610284577956, 48502.000000000000000, 8876.0000000000000000, 0.000000, 1.2065253750405814696, 35500
Rectangle(313) : 0.0039711986938361890535, 48471.000000000000000, 8870.0000000000000000, 0.000000, 1.2067502271239372662, 35476
Rectangle(314) : 0.0039857795819367839920, 48440.000000000000000, 8865.0000000000000000, 0.000000, 1.2069752431439610294, 35456
Rectangle(315) : 0.0040003744465764198514, 48410.000000000000000, 8859.0000000000000000, 0.000000, 1.2072003560004675501, 35432
Rectangle(316) : 0.0040149830058823580367, 48379.000000000000000, 8853.0000000000000000, 0.000000, 1.2074256373998744521, 35408
Rectangle(317) : 0.0040296055825664539141, 48348.000000000000000, 8848.0000000000000000, 0.000000, 1.2076510756434643115, 35388
Rectangle(318) : 0.0040442421978482331875, 48317.000000000000000, 8842.0000000000000000, 0.000000, 1.2078765875826630573, 35364
Rectangle(319) : 0.0040588928712671677873, 48287.000000000000000, 8836.0000000000000000, 0.000000, 1.2081023038048339560, 35340
Rectangle(320) : 0.0040735573214049861226, 48256.000000000000000, 8831.0000000000000000, 0.000000, 1.2083281375575898742, 35320
Rectangle(321) : 0.0040882358720009242417, 48225.000000000000000, 8825.0000000000000000, 0.000000, 1.2085540769256356373, 35296
Rectangle(322) : 0.0041029285433731510045, 48194.000000000000000, 8819.0000000000000000, 0.000000, 1.2087802241538294298, 35272
Rectangle(323) : 0.0041176353580005699660, 48163.000000000000000, 8814.0000000000000000, 0.000000, 1.2090064558967419884, 35252
Rectangle(324) : 0.0041323563358444904441, 48132.000000000000000, 8808.0000000000000000, 0.000000, 1.2092328312464237102, 35228
Rectangle(325) : 0.0041470914981324989148, 48102.000000000000000, 8803.0000000000000000, 0.000000, 1.2094593787380500777, 35208
Rectangle(326) : 0.0041618405600995283539, 48071.000000000000000, 8797.0000000000000000, 0.000000, 1.2096860408755688628, 35184
Rectangle(327) : 0.0041766038485868818282, 48040.000000000000000, 8791.0000000000000000, 0.000000, 1.2099128483582109998, 35160
Rectangle(328) : 0.0041913813849806830563, 48009.000000000000000, 8786.0000000000000000, 0.000000, 1.2101398210275387886, 35140
Rectangle(329) : 0.0042061731911217719935, 47978.000000000000000, 8780.0000000000000000, 0.000000, 1.2103668903411547229, 35116
Rectangle(330) : 0.0042209792874647032271, 47947.000000000000000, 8774.0000000000000000, 0.000000, 1.2105941355248437870, 35092
Rectangle(331) : 0.0042357996961560675207, 47916.000000000000000, 8769.0000000000000000, 0.000000, 1.2108215389414610869, 35072
Rectangle(332) : 0.0042506344390173552135, 47885.000000000000000, 8763.0000000000000000, 0.000000, 1.2110490162844127327, 35048
Rectangle(333) : 0.0042654835361518318290, 47855.000000000000000, 8757.0000000000000000, 0.000000, 1.2112767000368456585, 35024
Rectangle(334) : 0.0042803466998763505973, 47824.000000000000000, 8752.0000000000000000, 0.000000, 1.2115045036188658581, 35004
Rectangle(335) : 0.0042952242614274309306, 47793.000000000000000, 8746.0000000000000000, 0.000000, 1.2117324117580601759, 34980
Rectangle(336) : 0.0043101162416705221819, 47762.000000000000000, 8740.0000000000000000, 0.000000, 1.2119605301752343096, 34956
Rectangle(337) : 0.0043250226637251939777, 47731.000000000000000, 8734.0000000000000000, 0.000000, 1.2121887179345825708, 34932
Rectangle(338) : 0.0043399435478033524611, 47700.000000000000000, 8729.0000000000000000, 0.000000, 1.2124170840597423567, 34912
Rectangle(339) : 0.0043548789164419214833, 47669.000000000000000, 8723.0000000000000000, 0.000000, 1.2126456260230350267, 34888
Rectangle(340) : 0.0043698287921687677571, 47638.000000000000000, 8717.0000000000000000, 0.000000, 1.2128742409637476381, 34864
Rectangle(341) : 0.0043847931953965218114, 47607.000000000000000, 8712.0000000000000000, 0.000000, 1.2131030405328636482, 34844
Rectangle(342) : 0.0043997721489229541354, 47576.000000000000000, 8706.0000000000000000, 0.000000, 1.2133319939031379973, 34820
Rectangle(343) : 0.0044147656749424416500, 47545.000000000000000, 8700.0000000000000000, 0.000000, 1.2135610498851060430, 34796
Rectangle(344) : 0.0044297737946161214490, 47514.000000000000000, 8695.0000000000000000, 0.000000, 1.2137902837608789134, 34776
Rectangle(345) : 0.0044447965307309692605, 47483.000000000000000, 8689.0000000000000000, 0.000000, 1.2140196494007564361, 34752
Rectangle(346) : 0.0044598339051470920083, 47452.000000000000000, 8683.0000000000000000, 0.000000, 1.2142491472869232658, 34728
Rectangle(347) : 0.0044748859397776012232, 47421.000000000000000, 8678.0000000000000000, 0.000000, 1.2144788163318548136, 34708
Rectangle(348) : 0.0044899526573991582299, 47390.000000000000000, 8672.0000000000000000, 0.000000, 1.2147085951052609251, 34684
Rectangle(349) : 0.0045050340795368510116, 47359.000000000000000, 8666.0000000000000000, 0.000000, 1.2149385357578674179, 34660
Rectangle(350) : 0.0045201302288592156607, 47327.000000000000000, 8660.0000000000000000, 0.000000, 1.2151686244485433529, 34636
Rectangle(351) : 0.0045352414470739460124, 47296.000000000000000, 8655.0000000000000000, 0.000000, 1.2153988384648222973, 34616
Rectangle(352) : 0.0045503674374000797720, 47265.000000000000000, 8649.0000000000000000, 0.000000, 1.2156292276150428598, 34592
Rectangle(353) : 0.0045655082229203387980, 47234.000000000000000, 8643.0000000000000000, 0.000000, 1.2158597359185919453, 34568
Rectangle(354) : 0.0045806638255777167872, 47203.000000000000000, 8638.0000000000000000, 0.000000, 1.2160903869677238082, 34548
Rectangle(355) : 0.0045958342678582439530, 47172.000000000000000, 8632.0000000000000000, 0.000000, 1.2163212206246844923, 34524
Rectangle(356) : 0.0046110195731373223150, 47141.000000000000000, 8626.0000000000000000, 0.000000, 1.2165521445521092624, 34500
Rectangle(357) : 0.0046262197628777204666, 47110.000000000000000, 8620.0000000000000000, 0.000000, 1.2167832478447861889, 34476
Rectangle(358) : 0.0046414348604757842787, 47078.000000000000000, 8615.0000000000000000, 0.000000, 1.2170145125234078895, 34456
Rectangle(359) : 0.0046566652124984574571, 47047.000000000000000, 8609.0000000000000000, 0.000000, 1.2172458578585979918, 34432
Rectangle(360) : 0.0046719105173607993278, 47016.000000000000000, 8603.0000000000000000, 0.000000, 1.2174774118931562291, 34408
Rectangle(361) : 0.0046871707992200207892, 46985.000000000000000, 8598.0000000000000000, 0.000000, 1.2177090977103094707, 34388
Rectangle(362) : 0.0047024460806440988879, 46954.000000000000000, 8592.0000000000000000, 0.000000, 1.2179408833700812143, 34364
Rectangle(363) : 0.0047177363835654704689, 46922.000000000000000, 8586.0000000000000000, 0.000000, 1.2181728841026303444, 34340
Rectangle(364) : 0.0047330420586028224647, 46891.000000000000000, 8580.0000000000000000, 0.000000, 1.2184049653126316067, 34316
Rectangle(365) : 0.0047483628017158426947, 46860.000000000000000, 8575.0000000000000000, 0.000000, 1.2186372237573098500, 34296
Rectangle(366) : 0.0047636986366231689826, 46829.000000000000000, 8569.0000000000000000, 0.000000, 1.2188696686948560430, 34272
Rectangle(367) : 0.0047790495872882452397, 46797.000000000000000, 8563.0000000000000000, 0.000000, 1.2191021772337453008, 34248
Rectangle(368) : 0.0047944160034523956190, 46766.000000000000000, 8558.0000000000000000, 0.000000, 1.2193348816866079425, 34228
Rectangle(369) : 0.0048097975815579981495, 46735.000000000000000, 8552.0000000000000000, 0.000000, 1.2195677516233305082, 34204
Rectangle(370) : 0.0048251943452602198358, 46704.000000000000000, 8546.0000000000000000, 0.000000, 1.2198007134444937164, 34180
Rectangle(371) : 0.0048406063166854616506, 46672.000000000000000, 8540.0000000000000000, 0.000000, 1.2200338918155852667, 34156
Rectangle(372) : 0.0048560338512204201967, 46641.000000000000000, 8535.0000000000000000, 0.000000, 1.2202671556763382390, 34136
Rectangle(373) : 0.0048714766409478346655, 46610.000000000000000, 8529.0000000000000000, 0.000000, 1.2205005716704243065, 34112
Rectangle(374) : 0.0048869347094239218637, 46578.000000000000000, 8523.0000000000000000, 0.000000, 1.2207341840972510244, 34088
Rectangle(375) : 0.0049024084134064297220, 46547.000000000000000, 8517.0000000000000000, 0.000000, 1.2209678772138579507, 34064
Rectangle(376) : 0.0049178974433592485492, 46516.000000000000000, 8512.0000000000000000, 0.000000, 1.2212017595709105923, 34044
Rectangle(377) : 0.0049334018237782637395, 46484.000000000000000, 8506.0000000000000000, 0.000000, 1.2214357996069971937, 34020
Rectangle(378) : 0.0049489219124024569500, 46453.000000000000000, 8500.0000000000000000, 0.000000, 1.2216699482641128012, 33996
Rectangle(379) : 0.0049644573987707025488, 46422.000000000000000, 8494.0000000000000000, 0.000000, 1.2219043113420795919, 33972
Rectangle(380) : 0.0049800083080667707835, 46390.000000000000000, 8489.0000000000000000, 0.000000, 1.2221387484350253727, 33952
Rectangle(381) : 0.0049955749980524363444, 46359.000000000000000, 8483.0000000000000000, 0.000000, 1.2223733535200083546, 33928
Rectangle(382) : 0.0050111571580110206184, 46327.000000000000000, 8477.0000000000000000, 0.000000, 1.2226081459272744065, 33904
Rectangle(383) : 0.0050267551493751770370, 46296.000000000000000, 8471.0000000000000000, 0.000000, 1.2228430293425251949, 33880
Rectangle(384) : 0.0050423686587354354869, 46265.000000000000000, 8465.0000000000000000, 0.000000, 1.2230781317008626518, 33856
Rectangle(385) : 0.0050579977116199240344, 46233.000000000000000, 8460.0000000000000000, 0.000000, 1.2233133234124433040, 33836
Rectangle(386) : 0.0050736426691916248391, 46202.000000000000000, 8454.0000000000000000, 0.000000, 1.2235486646159226641, 33812
Rectangle(387) : 0.0050893032177526378399, 46170.000000000000000, 8448.0000000000000000, 0.000000, 1.2237842126050864085, 33788
Rectangle(388) : 0.0051049797222491742577, 46139.000000000000000, 8442.0000000000000000, 0.000000, 1.2240198328638116416, 33764
Rectangle(389) : 0.0051206718662675494206, 46107.000000000000000, 8437.0000000000000000, 0.000000, 1.2242556464236027899, 33744
Rectangle(390) : 0.0051363800157117466746, 46076.000000000000000, 8431.0000000000000000, 0.000000, 1.2244916315188542908, 33720
Rectangle(391) : 0.0051521038552707113046, 46044.000000000000000, 8425.0000000000000000, 0.000000, 1.2247277109208244942, 33696
Rectangle(392) : 0.0051678437499566817784, 46013.000000000000000, 8419.0000000000000000, 0.000000, 1.2249640158958419397, 33672
Rectangle(393) : 0.0051835993845794153958, 45981.000000000000000, 8414.0000000000000000, 0.000000, 1.2252004006864364750, 33652
Rectangle(394) : 0.0051993711250958555879, 45950.000000000000000, 8408.0000000000000000, 0.000000, 1.2254369452564052389, 33628
Rectangle(395) : 0.0052151586538283127205, 45918.000000000000000, 8402.0000000000000000, 0.000000, 1.2256736909386801525, 33604
Rectangle(396) : 0.0052309623406382495677, 45887.000000000000000, 8396.0000000000000000, 0.000000, 1.2259105157659070533, 33580
Rectangle(397) : 0.0052467818650300360661, 45855.000000000000000, 8390.0000000000000000, 0.000000, 1.2261475619509501482, 33556
Rectangle(398) : 0.0052626175985803784530, 45824.000000000000000, 8385.0000000000000000, 0.000000, 1.2263847190331436748, 33536
Rectangle(399) : 0.0052784692204168210087, 45792.000000000000000, 8379.0000000000000000, 0.000000, 1.2266220052516933976, 33512
Rectangle(400) : 0.0052943371013840574998, 45760.000000000000000, 8373.0000000000000000, 0.000000, 1.2268595186102595839, 33488
Rectangle(401) : 0.0053102212691858551305, 45729.000000000000000, 8367.0000000000000000, 0.000000, 1.2270970923433253131, 33464
Rectangle(402) : 0.0053261214002261867650, 45697.000000000000000, 8361.0000000000000000, 0.000000, 1.2273348869971549150, 33440
Rectangle(403) : 0.0053420378692941158395, 45666.000000000000000, 8356.0000000000000000, 0.000000, 1.2275728199976636755, 33420
Rectangle(404) : 0.0053579703534179205010, 45634.000000000000000, 8350.0000000000000000, 0.000000, 1.2278108551296001813, 33396
Rectangle(405) : 0.0053739192260814959093, 45602.000000000000000, 8344.0000000000000000, 0.000000, 1.2280491183543201077, 33372
Rectangle(406) : 0.0053898845152871079462, 45571.000000000000000, 8338.0000000000000000, 0.000000, 1.2282874642592302936, 33348
Rectangle(407) : 0.0054058658952054601942, 45539.000000000000000, 8332.0000000000000000, 0.000000, 1.2285260094994670637, 33324
Rectangle(408) : 0.0054218637434124798272, 45507.000000000000000, 8327.0000000000000000, 0.000000, 1.2287647220732253289, 33304
Rectangle(409) : 0.0054378780867458840359, 45476.000000000000000, 8321.0000000000000000, 0.000000, 1.2290035134759786379, 33280
Rectangle(410) : 0.0054539085976412129707, 45444.000000000000000, 8315.0000000000000000, 0.000000, 1.2292425286786366094, 33256
Rectangle(411) : 0.0054699556561897262312, 45412.000000000000000, 8309.0000000000000000, 0.000000, 1.2294816501154887173, 33232
Rectangle(412) : 0.0054860192880516897809, 45381.000000000000000, 8303.0000000000000000, 0.000000, 1.2297209533167787219, 33208
Rectangle(413) : 0.0055020991662676122753, 45349.000000000000000, 8297.0000000000000000, 0.000000, 1.2299604076353656437, 33184
Rectangle(414) : 0.0055181956713203227131, 45317.000000000000000, 8292.0000000000000000, 0.000000, 1.2301999936932746002, 33164
Rectangle(415) : 0.0055343088295985245932, 45285.000000000000000, 8286.0000000000000000, 0.000000, 1.2304397682639255400, 33140
Rectangle(416) : 0.0055504386688005545268, 45254.000000000000000, 8280.0000000000000000, 0.000000, 1.2306796739103923663, 33116
Rectangle(417) : 0.0055665848586160491210, 45222.000000000000000, 8274.0000000000000000, 0.000000, 1.2309197319338907157, 33092
Rectangle(418) : 0.0055827477822358335338, 45190.000000000000000, 8268.0000000000000000, 0.000000, 1.2311599720384259918, 33068
Rectangle(419) : 0.0055989274673882660629, 45158.000000000000000, 8263.0000000000000000, 0.000000, 1.2314003251499925951, 33048
Rectangle(420) : 0.0056151239403310445871, 45127.000000000000000, 8257.0000000000000000, 0.000000, 1.2316408612475392375, 33024
Rectangle(421) : 0.0056313368696471422501, 45095.000000000000000, 8251.0000000000000000, 0.000000, 1.2318815492441890912, 33000
Rectangle(422) : 0.0056475666412236848621, 45063.000000000000000, 8245.0000000000000000, 0.000000, 1.2321223695118427543, 32976
Rectangle(423) : 0.0056638132819158678671, 45031.000000000000000, 8239.0000000000000000, 0.000000, 1.2323633988870730405, 32952
Rectangle(424) : 0.0056800768203424422946, 44999.000000000000000, 8233.0000000000000000, 0.000000, 1.2326045089115558454, 32928
Rectangle(425) : 0.0056963572823285210040, 44967.000000000000000, 8227.0000000000000000, 0.000000, 1.2328458510486919852, 32904
Rectangle(426) : 0.0057126546971226743161, 44936.000000000000000, 8222.0000000000000000, 0.000000, 1.2330873058116957866, 32884
Rectangle(427) : 0.0057289687283184126058, 44904.000000000000000, 8216.0000000000000000, 0.000000, 1.2333288904643300467, 32860
Rectangle(428) : 0.0057452997654301249264, 44872.000000000000000, 8210.0000000000000000, 0.000000, 1.2335707078651724391, 32836
Rectangle(429) : 0.0057616478378999317645, 44840.000000000000000, 8204.0000000000000000, 0.000000, 1.2338125877694996613, 32812
Rectangle(430) : 0.0057780129714362720781, 44808.000000000000000, 8198.0000000000000000, 0.000000, 1.2340546960068853217, 32788
Rectangle(431) : 0.0057943951955035566104, 44776.000000000000000, 8192.0000000000000000, 0.000000, 1.2342969195939769851, 32764
Rectangle(432) : 0.0058107945371060663698, 44744.000000000000000, 8187.0000000000000000, 0.000000, 1.2345393086075640457, 32744
Rectangle(433) : 0.0058272110244252055626, 44712.000000000000000, 8181.0000000000000000, 0.000000, 1.2347818989141434006, 32720
Rectangle(434) : 0.0058436446865050531069, 44680.000000000000000, 8175.0000000000000000, 0.000000, 1.2350245803093589255, 32696
Rectangle(435) : 0.0058600955499855669593, 44648.000000000000000, 8169.0000000000000000, 0.000000, 1.2352674622051439164, 32672
Rectangle(436) : 0.0058765636440145300465, 44617.000000000000000, 8163.0000000000000000, 0.000000, 1.2355104889485298487, 32648
Rectangle(437) : 0.0058930486270691623582, 44585.000000000000000, 8157.0000000000000000, 0.000000, 1.2357536572386604828, 32624
Rectangle(438) : 0.0059095508959317542721, 44553.000000000000000, 8151.0000000000000000, 0.000000, 1.2359970246457624725, 32600
Rectangle(439) : 0.0059260704799024355387, 44521.000000000000000, 8146.0000000000000000, 0.000000, 1.2362404950514227359, 32580
Rectangle(440) : 0.0059426074061855698514, 44489.000000000000000, 8140.0000000000000000, 0.000000, 1.2364841473192066723, 32556
Rectangle(441) : 0.0059591617038168766165, 44457.000000000000000, 8134.0000000000000000, 0.000000, 1.2367279753708756903, 32532
Rectangle(442) : 0.0059757334017580529372, 44425.000000000000000, 8128.0000000000000000, 0.000000, 1.2369719202123010851, 32508
Rectangle(443) : 0.0059923225277054316899, 44393.000000000000000, 8122.0000000000000000, 0.000000, 1.2372160960544572688, 32484
Rectangle(444) : 0.0060089291119879640096, 44361.000000000000000, 8116.0000000000000000, 0.000000, 1.2374603337199924457, 32460
Rectangle(445) : 0.0060255531811865842491, 44328.000000000000000, 8110.0000000000000000, 0.000000, 1.2377048075820350457, 32436
Rectangle(446) : 0.0060421951412926579507, 44296.000000000000000, 8104.0000000000000000, 0.000000, 1.2379493943736575576, 32412
Rectangle(447) : 0.0060588546454098165555, 44264.000000000000000, 8098.0000000000000000, 0.000000, 1.2381941671690200655, 32388
Rectangle(448) : 0.0060755317231065683191, 44232.000000000000000, 8093.0000000000000000, 0.000000, 1.2384391207100408865, 32368
Rectangle(449) : 0.0060922264038967211697, 44200.000000000000000, 8087.0000000000000000, 0.000000, 1.2386841708967090597, 32344
Rectangle(450) : 0.0061089387154554702435, 44168.000000000000000, 8081.0000000000000000, 0.000000, 1.2389294307410570444, 32320
Rectangle(451) : 0.0061256686880768490029, 44136.000000000000000, 8075.0000000000000000, 0.000000, 1.2391748311101521925, 32296
Rectangle(452) : 0.0061424163505544217823, 44104.000000000000000, 8069.0000000000000000, 0.000000, 1.2394203851099293609, 32272
Rectangle(453) : 0.0061591817320415868775, 44072.000000000000000, 8063.0000000000000000, 0.000000, 1.2396661364521422618, 32248
Rectangle(454) : 0.0061759648627470720441, 44040.000000000000000, 8057.0000000000000000, 0.000000, 1.2399119848520930022, 32224
Rectangle(455) : 0.0061927657706683275619, 44007.000000000000000, 8051.0000000000000000, 0.000000, 1.2401580716101694321, 32200
Rectangle(456) : 0.0062095848692574195116, 43975.000000000000000, 8045.0000000000000000, 0.000000, 1.2404042365930381569, 32176
Rectangle(457) : 0.0062264218047114965590, 43943.000000000000000, 8040.0000000000000000, 0.000000, 1.2406506029610601445, 32156
Rectangle(458) : 0.0062432766075916153525, 43911.000000000000000, 8034.0000000000000000, 0.000000, 1.2408971789069246884, 32132
Rectangle(459) : 0.0062601493087122212300, 43879.000000000000000, 8028.0000000000000000, 0.000000, 1.2411438169882083919, 32108
Rectangle(460) : 0.0062770399355949717119, 43846.000000000000000, 8022.0000000000000000, 0.000000, 1.2413906944260016478, 32084
Rectangle(461) : 0.0062939489054993187822, 43814.000000000000000, 8016.0000000000000000, 0.000000, 1.2416376855170816208, 32060
Rectangle(462) : 0.0063108758623057523793, 43782.000000000000000, 8010.0000000000000000, 0.000000, 1.2418848643081387004, 32036
Rectangle(463) : 0.0063278208365944586673, 43750.000000000000000, 8004.0000000000000000, 0.000000, 1.2421322096107811231, 32012
Rectangle(464) : 0.0063447838585284193786, 43718.000000000000000, 7998.0000000000000000, 0.000000, 1.2423796843686932027, 31988
Rectangle(465) : 0.0063617649574892294158, 43685.000000000000000, 7992.0000000000000000, 0.000000, 1.2426273846893716628, 31964
Rectangle(466) : 0.0063787645542544662628, 43653.000000000000000, 7986.0000000000000000, 0.000000, 1.2428751613230364747, 31940
Rectangle(467) : 0.0063957822886901988923, 43621.000000000000000, 7980.0000000000000000, 0.000000, 1.2431231788421030262, 31916
Rectangle(468) : 0.0064128181929299481650, 43588.000000000000000, 7975.0000000000000000, 0.000000, 1.2433713269912868095, 31896
Rectangle(469) : 0.0064298726879054296464, 43556.000000000000000, 7969.0000000000000000, 0.000000, 1.2436196018081053445, 31872
Rectangle(470) : 0.0064469454127150564566, 43524.000000000000000, 7963.0000000000000000, 0.000000, 1.2438681181761390790, 31848
Rectangle(471) : 0.0064640363997147839421, 43491.000000000000000, 7957.0000000000000000, 0.000000, 1.2441167130319561683, 31824
Rectangle(472) : 0.0064811460709808379801, 43459.000000000000000, 7951.0000000000000000, 0.000000, 1.2443655323953087555, 31800
Rectangle(473) : 0.0064982740659276915376, 43427.000000000000000, 7945.0000000000000000, 0.000000, 1.2446144904704661518, 31776
Rectangle(474) : 0.0065154204147537782153, 43394.000000000000000, 7939.0000000000000000, 0.000000, 1.2448636073566495898, 31752
Rectangle(475) : 0.0065325855437429621944, 43362.000000000000000, 7933.0000000000000000, 0.000000, 1.2451129295022045791, 31728
Rectangle(476) : 0.0065497690899240009975, 43330.000000000000000, 7927.0000000000000000, 0.000000, 1.2453623498928052040, 31704
Rectangle(477) : 0.0065669710827671305891, 43297.000000000000000, 7921.0000000000000000, 0.000000, 1.2456120133730159853, 31680
Rectangle(478) : 0.0065841919528822197635, 43265.000000000000000, 7915.0000000000000000, 0.000000, 1.2458617553532093087, 31656
Rectangle(479) : 0.0066014313324119368399, 43232.000000000000000, 7909.0000000000000000, 0.000000, 1.2461117229436170450, 31632
Rectangle(480) : 0.0066186896531684046657, 43200.000000000000000, 7903.0000000000000000, 0.000000, 1.2463618305841483520, 31608
Rectangle(481) : 0.0066359665473948895812, 43168.000000000000000, 7897.0000000000000000, 0.000000, 1.2466121025432939151, 31584
Rectangle(482) : 0.0066532620464345322312, 43135.000000000000000, 7891.0000000000000000, 0.000000, 1.2468625709041806892, 31560
Rectangle(483) : 0.0066705765838381297898, 43103.000000000000000, 7885.0000000000000000, 0.000000, 1.2471131474898353773, 31536
Rectangle(484) : 0.0066879097891252289564, 43070.000000000000000, 7879.0000000000000000, 0.000000, 1.2473639687172013185, 31512
Rectangle(485) : 0.0067052620985916139417, 43038.000000000000000, 7873.0000000000000000, 0.000000, 1.2476148646828898145, 31488
Rectangle(486) : 0.0067226331396409863525, 43005.000000000000000, 7868.0000000000000000, 0.000000, 1.2478659690256806968, 31468
Rectangle(487) : 0.0067400233493613835318, 42973.000000000000000, 7862.0000000000000000, 0.000000, 1.2481172949559247220, 31444
Rectangle(488) : 0.0067574323572257617396, 42940.000000000000000, 7856.0000000000000000, 0.000000, 1.2483686803859975575, 31420
Rectangle(489) : 0.0067748605985016349943, 42908.000000000000000, 7850.0000000000000000, 0.000000, 1.2486203173338629428, 31396
Rectangle(490) : 0.0067923077020099286212, 42875.000000000000000, 7844.0000000000000000, 0.000000, 1.2488720666162152639, 31372
Rectangle(491) : 0.0068097741058960211055, 42843.000000000000000, 7838.0000000000000000, 0.000000, 1.2491240095546222231, 31348
Rectangle(492) : 0.0068272594362779883399, 42810.000000000000000, 7832.0000000000000000, 0.000000, 1.2493761288411327155, 31324
Rectangle(493) : 0.0068447641344522731498, 42778.000000000000000, 7826.0000000000000000, 0.000000, 1.2496283780205147996, 31300
Rectangle(494) : 0.0068622878236855359204, 42745.000000000000000, 7820.0000000000000000, 0.000000, 1.2498808681897178600, 31276
Rectangle(495) : 0.0068798309484531044749, 42712.000000000000000, 7814.0000000000000000, 0.000000, 1.2501334238589725281, 31252
Rectangle(496) : 0.0068973935403209395687, 42680.000000000000000, 7808.0000000000000000, 0.000000, 1.2503862326734951304, 31228
Rectangle(497) : 0.0069149752233732707573, 42647.000000000000000, 7802.0000000000000000, 0.000000, 1.2506391540961841908, 31204
Rectangle(498) : 0.0069325764416089305738, 42615.000000000000000, 7796.0000000000000000, 0.000000, 1.2508922700092484958, 31180
Rectangle(499) : 0.0069501968163598222433, 42582.000000000000000, 7790.0000000000000000, 0.000000, 1.2511455639616586359, 31156
Rectangle(500) : 0.0069678367948474850735, 42549.000000000000000, 7784.0000000000000000, 0.000000, 1.2513989872186921498, 31132
Rectangle(501) : 0.0069854964105192680096, 42517.000000000000000, 7778.0000000000000000, 0.000000, 1.2516526605492058395, 31108
Rectangle(502) : 0.0070031752839240050757, 42484.000000000000000, 7772.0000000000000000, 0.000000, 1.2519063913932818542, 31084
Rectangle(503) : 0.0070208738620097145629, 42451.000000000000000, 7766.0000000000000000, 0.000000, 1.2521603770170403405, 31060
Rectangle(504) : 0.0070385921814136635945, 42419.000000000000000, 7760.0000000000000000, 0.000000, 1.2524144836895585502, 31036
Rectangle(505) : 0.0070563298575420390524, 42386.000000000000000, 7754.0000000000000000, 0.000000, 1.2526687775041332502, 31012
Rectangle(506) : 0.0070740873429736469713, 42353.000000000000000, 7748.0000000000000000, 0.000000, 1.2529232592745176818, 30988
Rectangle(507) : 0.0070918646730157813581, 42321.000000000000000, 7742.0000000000000000, 0.000000, 1.2531778675308081177, 30964
Rectangle(508) : 0.0071096614610768103536, 42288.000000000000000, 7736.0000000000000000, 0.000000, 1.2534327252983886280, 30940
Rectangle(509) : 0.0071274781638127730056, 42255.000000000000000, 7730.0000000000000000, 0.000000, 1.2536876422406563114, 30916
Rectangle(510) : 0.0071453148137297214451, 42222.000000000000000, 7724.0000000000000000, 0.000000, 1.2539428156116155689, 30892
Rectangle(511) : 0.0071631714480817562982, 42190.000000000000000, 7718.0000000000000000, 0.000000, 1.2541981148334008817, 30868
Rectangle(512) : 0.0071810476773975515312, 42157.000000000000000, 7712.0000000000000000, 0.000000, 1.2544535974881823368, 30844
Rectangle(513) : 0.0071989439602803036800, 42124.000000000000000, 7706.0000000000000000, 0.000000, 1.2547092744022637646, 30820
Rectangle(514) : 0.0072168603327616032661, 42091.000000000000000, 7700.0000000000000000, 0.000000, 1.2549650726472967508, 30796
Rectangle(515) : 0.0072347968292251535916, 42059.000000000000000, 7694.0000000000000000, 0.000000, 1.2552211286136080067, 30772
Rectangle(516) : 0.0072527530604387727458, 42026.000000000000000, 7688.0000000000000000, 0.000000, 1.2554772422552376724, 30748
Rectangle(517) : 0.0072707294855626303024, 41993.000000000000000, 7682.0000000000000000, 0.000000, 1.2557336083520854507, 30724
Rectangle(518) : 0.0072887261423471440416, 41960.000000000000000, 7676.0000000000000000, 0.000000, 1.2559901074799178725, 30700
Rectangle(519) : 0.0073067430657856549537, 41927.000000000000000, 7670.0000000000000000, 0.000000, 1.2562467900531280028, 30676
Rectangle(520) : 0.0073247802921565645824, 41894.000000000000000, 7664.0000000000000000, 0.000000, 1.2565036756193912267, 30652
Rectangle(521) : 0.0073428378582906026601, 41861.000000000000000, 7658.0000000000000000, 0.000000, 1.2567606749319267456, 30628
Rectangle(522) : 0.0073609157989736232938, 41829.000000000000000, 7652.0000000000000000, 0.000000, 1.2570179336358587493, 30604
Rectangle(523) : 0.0073790137198810286525, 41796.000000000000000, 7646.0000000000000000, 0.000000, 1.2572752580498060748, 30580
Rectangle(524) : 0.0073971320866637304918, 41763.000000000000000, 7640.0000000000000000, 0.000000, 1.2575328279658041733, 30556
Rectangle(525) : 0.0074152709375117491728, 41730.000000000000000, 7634.0000000000000000, 0.000000, 1.2577905405831279731, 30532
Rectangle(526) : 0.0074334303082422339073, 41697.000000000000000, 7628.0000000000000000, 0.000000, 1.2580484281138091758, 30508
Rectangle(527) : 0.0074516102355298999067, 41664.000000000000000, 7622.0000000000000000, 0.000000, 1.2583065298985685134, 30484
Rectangle(528) : 0.0074698107570808448115, 41631.000000000000000, 7615.0000000000000000, 0.000000, 1.2585647520874277211, 30456
Rectangle(529) : 0.0074880319084365035206, 41598.000000000000000, 7609.0000000000000000, 0.000000, 1.2588231767850071958, 30432
Rectangle(530) : 0.0075062737271966604319, 41565.000000000000000, 7603.0000000000000000, 0.000000, 1.2590817499950944478, 30408
Rectangle(531) : 0.0075245362497515766944, 41532.000000000000000, 7597.0000000000000000, 0.000000, 1.2593405655039732558, 30384
Rectangle(532) : 0.0075428195148364262864, 41499.000000000000000, 7591.0000000000000000, 0.000000, 1.2595994572080357187, 30360
Rectangle(533) : 0.0075611235572761967801, 41466.000000000000000, 7585.0000000000000000, 0.000000, 1.2598586109374593302, 30336
Rectangle(534) : 0.0075794484164605275410, 41433.000000000000000, 7579.0000000000000000, 0.000000, 1.2601178749363007402, 30312
Rectangle(535) : 0.0075977941282104925626, 41400.000000000000000, 7573.0000000000000000, 0.000000, 1.2603773477832784100, 30288
Rectangle(536) : 0.0076161607308139533937, 41367.000000000000000, 7567.0000000000000000, 0.000000, 1.2606370044041792387, 30264
Rectangle(537) : 0.0076345482620442620755, 41334.000000000000000, 7561.0000000000000000, 0.000000, 1.2608967966187655733, 30240
Rectangle(538) : 0.0076529567585996103499, 41301.000000000000000, 7555.0000000000000000, 0.000000, 1.2611568468454183418, 30216
Rectangle(539) : 0.0076713862602302105373, 41268.000000000000000, 7549.0000000000000000, 0.000000, 1.2614169586758347021, 30192
Rectangle(540) : 0.0076898368020222972559, 41235.000000000000000, 7543.0000000000000000, 0.000000, 1.2616773342262145057, 30168
Rectangle(541) : 0.0077083084240479117704, 41202.000000000000000, 7537.0000000000000000, 0.000000, 1.2619378351655652242, 30144
Rectangle(542) : 0.0077268011631179949029, 41169.000000000000000, 7531.0000000000000000, 0.000000, 1.2621985309493363100, 30120
Rectangle(543) : 0.0077453150578190888403, 41136.000000000000000, 7525.0000000000000000, 0.000000, 1.2624594273234870976, 30096
Rectangle(544) : 0.0077638501469702821284, 41103.000000000000000, 7519.0000000000000000, 0.000000, 1.2627204435846302578, 30072
Rectangle(545) : 0.0077824064675207195723, 41069.000000000000000, 7512.0000000000000000, 0.000000, 1.2629816880015017432, 30044
Rectangle(546) : 0.0078009845114955302992, 41036.000000000000000, 7506.0000000000000000, 0.000000, 1.2632430823487535644, 30020
Rectangle(547) : 0.0078195838652909478244, 41003.000000000000000, 7500.0000000000000000, 0.000000, 1.2635047091946721374, 29996
Rectangle(548) : 0.0078382045688783602610, 40970.000000000000000, 7494.0000000000000000, 0.000000, 1.2637664246337177972, 29972
Rectangle(549) : 0.0078568466588132813691, 40937.000000000000000, 7488.0000000000000000, 0.000000, 1.2640284060962714751, 29948
Rectangle(550) : 0.0078755101760738591221, 40904.000000000000000, 7482.0000000000000000, 0.000000, 1.2642904863759600036, 29924
Rectangle(551) : 0.0078941951576496453533, 40870.000000000000000, 7476.0000000000000000, 0.000000, 1.2645527895400573518, 29900
Rectangle(552) : 0.0079129021013623944933, 40837.000000000000000, 7470.0000000000000000, 0.000000, 1.2648152752298527058, 29876
Rectangle(553) : 0.0079316305896262202569, 40804.000000000000000, 7464.0000000000000000, 0.000000, 1.2650779067602907817, 29852
Rectangle(554) : 0.0079503806608633609975, 40771.000000000000000, 7458.0000000000000000, 0.000000, 1.2653407924696231161, 29828
Rectangle(555) : 0.0079691523562465898395, 40737.000000000000000, 7452.0000000000000000, 0.000000, 1.2656037461882609923, 29804
Rectangle(556) : 0.0079879461738126418559, 40704.000000000000000, 7445.0000000000000000, 0.000000, 1.2658669769558072988, 29776
Rectangle(557) : 0.0080067616950625388513, 40671.000000000000000, 7439.0000000000000000, 0.000000, 1.2661303114672260393, 29752
Rectangle(558) : 0.0080255989577673463564, 40638.000000000000000, 7433.0000000000000000, 0.000000, 1.2663939143285710400, 29728
Rectangle(559) : 0.0080444580038406907887, 40604.000000000000000, 7427.0000000000000000, 0.000000, 1.2666575926428719855, 29704
Rectangle(560) : 0.0080633393355479824837, 40571.000000000000000, 7421.0000000000000000, 0.000000, 1.2669215251577156746, 29680
Rectangle(561) : 0.0080822425305680144197, 40538.000000000000000, 7415.0000000000000000, 0.000000, 1.2671856125881354846, 29656
Rectangle(562) : 0.0081011676283179807595, 40504.000000000000000, 7409.0000000000000000, 0.000000, 1.2674498685030971565, 29632
Rectangle(563) : 0.0081201151364283673178, 40471.000000000000000, 7403.0000000000000000, 0.000000, 1.2677143661168449350, 29608
Rectangle(564) : 0.0081390846297968742718, 40438.000000000000000, 7397.0000000000000000, 0.000000, 1.2679789521930051173, 29584
Rectangle(565) : 0.0081580761464938673258, 40404.000000000000000, 7390.0000000000000000, 0.000000, 1.2682437959216523805, 29556
Rectangle(566) : 0.0081770901994569811853, 40371.000000000000000, 7384.0000000000000000, 0.000000, 1.2685087651269935903, 29532
Rectangle(567) : 0.0081961263582126967631, 40338.000000000000000, 7378.0000000000000000, 0.000000, 1.2687740050314706855, 29508
Rectangle(568) : 0.0082151846656407167612, 40304.000000000000000, 7372.0000000000000000, 0.000000, 1.2690393004409145079, 29484
Rectangle(569) : 0.0082342656328013190466, 40271.000000000000000, 7366.0000000000000000, 0.000000, 1.2693048715263006241, 29460
Rectangle(570) : 0.0082533688304255722467, 40237.000000000000000, 7360.0000000000000000, 0.000000, 1.2695705798272098354, 29436
Rectangle(571) : 0.0082724947737073082071, 40204.000000000000000, 7354.0000000000000000, 0.000000, 1.2698364823491939506, 29412
Rectangle(572) : 0.0082916430296606758807, 40171.000000000000000, 7348.0000000000000000, 0.000000, 1.2701026046256879142, 29388
Rectangle(573) : 0.0083108136404153418814, 40137.000000000000000, 7341.0000000000000000, 0.000000, 1.2703688503632412840, 29360
Rectangle(574) : 0.0083300071239931688561, 40104.000000000000000, 7335.0000000000000000, 0.000000, 1.2706353139066862984, 29336
Rectangle(575) : 0.0083492230454450610938, 40070.000000000000000, 7329.0000000000000000, 0.000000, 1.2709019269382874378, 29312
Rectangle(576) : 0.0083684619255782851376, 40037.000000000000000, 7323.0000000000000000, 0.000000, 1.2711688063028079043, 29288
Rectangle(577) : 0.0083877233289377478322, 40003.000000000000000, 7317.0000000000000000, 0.000000, 1.2714357516275115743, 29264
Rectangle(578) : 0.0084070077763948763370, 39970.000000000000000, 7311.0000000000000000, 0.000000, 1.2717029770716144889, 29240
Rectangle(579) : 0.0084263148311127050707, 39936.000000000000000, 7305.0000000000000000, 0.000000, 1.2719703257521872374, 29216
Rectangle(580) : 0.0084456450175548171310, 39903.000000000000000, 7298.0000000000000000, 0.000000, 1.2722379263284050465, 29188
Rectangle(581) : 0.0084649978964443343363, 39869.000000000000000, 7292.0000000000000000, 0.000000, 1.2725056179773251222, 29164
Rectangle(582) : 0.0084843739936119915417, 39836.000000000000000, 7286.0000000000000000, 0.000000, 1.2727735637789436758, 29140
Rectangle(583) : 0.0085037728680918324815, 39802.000000000000000, 7280.0000000000000000, 0.000000, 1.2730416740286208809, 29116
Rectangle(584) : 0.0085231950497417149216, 39768.000000000000000, 7274.0000000000000000, 0.000000, 1.2733099533799304535, 29092
Rectangle(585) : 0.0085426405826671808855, 39735.000000000000000, 7268.0000000000000000, 0.000000, 1.2735784900913649373, 29068
Rectangle(586) : 0.0085621090233389152491, 39701.000000000000000, 7262.0000000000000000, 0.000000, 1.2738471032312448015, 29044
Rectangle(587) : 0.0085816009027180554421, 39668.000000000000000, 7255.0000000000000000, 0.000000, 1.2741159963143875999, 29016
Rectangle(588) : 0.0086011157760747759120, 39634.000000000000000, 7249.0000000000000000, 0.000000, 1.2743849981890160648, 28992
Rectangle(589) : 0.0086206541774016421396, 39600.000000000000000, 7243.0000000000000000, 0.000000, 1.2746542833158745959, 28968
Rectangle(590) : 0.0086402161542530531142, 39567.000000000000000, 7237.0000000000000000, 0.000000, 1.2749236445335147719, 28944
Rectangle(591) : 0.0086598012540719303294, 39533.000000000000000, 7231.0000000000000000, 0.000000, 1.2751932644447582154, 28920
Rectangle(592) : 0.0086794100180019320549, 39499.000000000000000, 7225.0000000000000000, 0.000000, 1.2754630482305475417, 28896
Rectangle(593) : 0.0086990424909311339978, 39466.000000000000000, 7218.0000000000000000, 0.000000, 1.2757330447354647348, 28868
Rectangle(594) : 0.0087186982210465615743, 39432.000000000000000, 7212.0000000000000000, 0.000000, 1.2760031752116445916, 28844
Rectangle(595) : 0.0087383777497342174019, 39398.000000000000000, 7206.0000000000000000, 0.000000, 1.2762735276777991552, 28820
Rectangle(596) : 0.0087580811237044138371, 39365.000000000000000, 7200.0000000000000000, 0.000000, 1.2765440894921135177, 28796
Rectangle(597) : 0.0087778078883301502404, 39331.000000000000000, 7194.0000000000000000, 0.000000, 1.2768147775777191508, 28772
Rectangle(598) : 0.0087975585882253402725, 39297.000000000000000, 7187.0000000000000000, 0.000000, 1.2770857112023040936, 28744
Rectangle(599) : 0.0088173332710561493443, 39264.000000000000000, 7181.0000000000000000, 0.000000, 1.2773567978282570217, 28720
Rectangle(600) : 0.0088371314780098029970, 39230.000000000000000, 7175.0000000000000000, 0.000000, 1.2776281339865411677, 28696
Rectangle(601) : 0.0088569537602934262743, 39196.000000000000000, 7169.0000000000000000, 0.000000, 1.2778995568272688359, 28672
Rectangle(602) : 0.0088768001618861211624, 39162.000000000000000, 7163.0000000000000000, 0.000000, 1.2781712664990019798, 28648
Rectangle(603) : 0.0088966707319923211006, 39128.000000000000000, 7156.0000000000000000, 0.000000, 1.2784430840801673118, 28620
Rectangle(604) : 0.0089165655153720023343, 39095.000000000000000, 7150.0000000000000000, 0.000000, 1.2787151939525392807, 28596
Rectangle(605) : 0.0089364840521146174841, 39061.000000000000000, 7144.0000000000000000, 0.000000, 1.2789873708123978449, 28572
Rectangle(606) : 0.0089564268946125667902, 39027.000000000000000, 7138.0000000000000000, 0.000000, 1.2792598178827222243, 28548
Rectangle(607) : 0.0089763940921394769351, 38993.000000000000000, 7132.0000000000000000, 0.000000, 1.2795324310583896655, 28524
Rectangle(608) : 0.0089963856914280258968, 38959.000000000000000, 7125.0000000000000000, 0.000000, 1.2798052577413180043, 28496
Rectangle(609) : 0.0090164017405499571067, 38925.000000000000000, 7119.0000000000000000, 0.000000, 1.2800782288614489801, 28472
Rectangle(610) : 0.0090364422859285428223, 38892.000000000000000, 7113.0000000000000000, 0.000000, 1.2803514219127827710, 28448
Rectangle(611) : 0.0090565068601832168625, 38858.000000000000000, 7107.0000000000000000, 0.000000, 1.2806248243607677497, 28424
Rectangle(612) : 0.0090765960264903033762, 38824.000000000000000, 7101.0000000000000000, 0.000000, 1.2808983554145689549, 28400
Rectangle(613) : 0.0090967098312351665782, 38790.000000000000000, 7094.0000000000000000, 0.000000, 1.2811721402654823384, 28372
Rectangle(614) : 0.0091168483241525546251, 38756.000000000000000, 7088.0000000000000000, 0.000000, 1.2814460738764632623, 28348
Rectangle(615) : 0.0091370115523978963338, 38722.000000000000000, 7082.0000000000000000, 0.000000, 1.2817202759610787739, 28324
Rectangle(616) : 0.0091571995663424518519, 38688.000000000000000, 7076.0000000000000000, 0.000000, 1.2819945552170321337, 28300
Rectangle(617) : 0.0091774124115455389108, 38654.000000000000000, 7069.0000000000000000, 0.000000, 1.2822691285688716996, 28272
Rectangle(618) : 0.0091976501392986529921, 38620.000000000000000, 7063.0000000000000000, 0.000000, 1.2825438113769441081, 28248
Rectangle(619) : 0.0092179127962478229587, 38586.000000000000000, 7057.0000000000000000, 0.000000, 1.2828187859862402270, 28224
Rectangle(620) : 0.0092382004338880613930, 38552.000000000000000, 7051.0000000000000000, 0.000000, 1.2830938455570610440, 28200
Rectangle(621) : 0.0092585130984854120115, 38518.000000000000000, 7045.0000000000000000, 0.000000, 1.2833691668348265820, 28176
Rectangle(622) : 0.0092788508410170810125, 38484.000000000000000, 7038.0000000000000000, 0.000000, 1.2836446439750185683, 28148
Rectangle(623) : 0.0092992137098450359696, 38450.000000000000000, 7032.0000000000000000, 0.000000, 1.2839203704696721316, 28124
Rectangle(624) : 0.0093196017558910612526, 38416.000000000000000, 7026.0000000000000000, 0.000000, 1.2841962360055810348, 28100
Rectangle(625) : 0.0093400150273406026165, 38382.000000000000000, 7020.0000000000000000, 0.000000, 1.2844723097743054744, 28076
Rectangle(626) : 0.0093604535743098669976, 38348.000000000000000, 7013.0000000000000000, 0.000000, 1.2847485812555054319, 28048
Rectangle(627) : 0.0093809174467740243312, 38314.000000000000000, 7007.0000000000000000, 0.000000, 1.2850250612251517166, 28024
Rectangle(628) : 0.0094014066951225431942, 38280.000000000000000, 7001.0000000000000000, 0.000000, 1.2853017361629277121, 28000
Rectangle(629) : 0.0094219213695259634584, 38246.000000000000000, 6995.0000000000000000, 0.000000, 1.2855785640025388822, 27976
Rectangle(630) : 0.0094424615191887396672, 38212.000000000000000, 6988.0000000000000000, 0.000000, 1.2858556328153635517, 27948
Rectangle(631) : 0.0094630271957514781669, 38178.000000000000000, 6982.0000000000000000, 0.000000, 1.2861328678330632093, 27924
Rectangle(632) : 0.0094836184490343390609, 38143.000000000000000, 6976.0000000000000000, 0.000000, 1.2864103556335916143, 27900
Rectangle(633) : 0.0095042358717759585354, 38109.000000000000000, 6970.0000000000000000, 0.000000, 1.2866879463840543306, 27876
Rectangle(634) : 0.0095248789730482053624, 38075.000000000000000, 6963.0000000000000000, 0.000000, 1.2869658228208844553, 27848
Rectangle(635) : 0.0095455478062148733717, 38041.000000000000000, 6957.0000000000000000, 0.000000, 1.2872438217392815997, 27824
Rectangle(636) : 0.0095662424204926074376, 38007.000000000000000, 6951.0000000000000000, 0.000000, 1.2875221175199739179, 27800
Rectangle(637) : 0.0095869628698182572894, 37973.000000000000000, 6944.0000000000000000, 0.000000, 1.2878004825101106937, 27772
Rectangle(638) : 0.0096077092022784292719, 37938.000000000000000, 6938.0000000000000000, 0.000000, 1.2880791609965789131, 27748
Rectangle(639) : 0.0096284820200599828307, 37904.000000000000000, 6932.0000000000000000, 0.000000, 1.2883579254445472889, 27724
Rectangle(640) : 0.0096492808256067469529, 37870.000000000000000, 6926.0000000000000000, 0.000000, 1.2886369878583993672, 27700
Rectangle(641) : 0.0096701056734509085417, 37836.000000000000000, 6919.0000000000000000, 0.000000, 1.2889161647276738021, 27672
Rectangle(642) : 0.0096909566134215099214, 37801.000000000000000, 6913.0000000000000000, 0.000000, 1.2891956375894104396, 27648
Rectangle(643) : 0.0097118342525736331573, 37767.000000000000000, 6907.0000000000000000, 0.000000, 1.2894752034343503805, 27624
Rectangle(644) : 0.0097327380893473867088, 37733.000000000000000, 6901.0000000000000000, 0.000000, 1.2897550340906951371, 27600
Rectangle(645) : 0.0097536681779724813246, 37699.000000000000000, 6894.0000000000000000, 0.000000, 1.2900350259574336349, 27572
Rectangle(646) : 0.0097746245700772436163, 37664.000000000000000, 6888.0000000000000000, 0.000000, 1.2903152680361351138, 27548
Rectangle(647) : 0.0097956078768963848417, 37630.000000000000000, 6882.0000000000000000, 0.000000, 1.2905956656508276944, 27524
Rectangle(648) : 0.0098166175942934304887, 37596.000000000000000, 6875.0000000000000000, 0.000000, 1.2908763085531917022, 27496
Rectangle(649) : 0.0098376537765615758153, 37561.000000000000000, 6869.0000000000000000, 0.000000, 1.2911570761538403581, 27472
Rectangle(650) : 0.0098587170356908279747, 37527.000000000000000, 6863.0000000000000000, 0.000000, 1.2914380965119878737, 27448
Rectangle(651) : 0.0098798068669193297967, 37493.000000000000000, 6856.0000000000000000, 0.000000, 1.2917192949275541267, 27420
Rectangle(652) : 0.0099009233231892349557, 37458.000000000000000, 6850.0000000000000000, 0.000000, 1.2920007282985548054, 27396
Rectangle(653) : 0.0099220670235549393394, 37424.000000000000000, 6844.0000000000000000, 0.000000, 1.2922823402288446713, 27372
Rectangle(654) : 0.0099432374580416014993, 37389.000000000000000, 6838.0000000000000000, 0.000000, 1.2925641329969951968, 27348
Rectangle(655) : 0.0099644352470436340543, 37355.000000000000000, 6831.0000000000000000, 0.000000, 1.2928461615705922643, 27320
Rectangle(656) : 0.0099856598799326875214, 37321.000000000000000, 6825.0000000000000000, 0.000000, 1.2931283758576631698, 27296
Rectangle(657) : 0.010006911410595254526, 37286.000000000000000, 6819.0000000000000000, 0.000000, 1.2934108283306707444, 27272
Rectangle(658) : 0.010028190465155429142, 37252.000000000000000, 6812.0000000000000000, 0.000000, 1.2936934236796406830, 27244
Rectangle(659) : 0.010049496527210611164, 37217.000000000000000, 6806.0000000000000000, 0.000000, 1.2939762570405232510, 27220
Rectangle(660) : 0.010070830225709698228, 37183.000000000000000, 6800.0000000000000000, 0.000000, 1.2942592538758171276, 27196
Rectangle(661) : 0.010092191042585039570, 37148.000000000000000, 6793.0000000000000000, 0.000000, 1.2945424999704513844, 27168
Rectangle(662) : 0.010113579609936456911, 37114.000000000000000, 6787.0000000000000000, 0.000000, 1.2948259199859595124, 27144
Rectangle(663) : 0.010134995407748224964, 37079.000000000000000, 6781.0000000000000000, 0.000000, 1.2951096066992001011, 27120
Rectangle(664) : 0.010156439071458120055, 37045.000000000000000, 6774.0000000000000000, 0.000000, 1.2953934021897038612, 27092
Rectangle(665) : 0.010177910077051039582, 37010.000000000000000, 6768.0000000000000000, 0.000000, 1.2956774718151960299, 27068
Rectangle(666) : 0.010199409063049828991, 36976.000000000000000, 6762.0000000000000000, 0.000000, 1.2959616769938434914, 27044
Rectangle(667) : 0.010220935503903189103, 36941.000000000000000, 6755.0000000000000000, 0.000000, 1.2962461547385348071, 27016
Rectangle(668) : 0.010242490040995810710, 36907.000000000000000, 6749.0000000000000000, 0.000000, 1.2965307847417418977, 26992
Rectangle(669) : 0.010264072146957870534, 36872.000000000000000, 6743.0000000000000000, 0.000000, 1.2968157130589707899, 26968
Rectangle(670) : 0.010285682466795659935, 36838.000000000000000, 6736.0000000000000000, 0.000000, 1.2971007121632406894, 26940
Rectangle(671) : 0.010307320468646011221, 36803.000000000000000, 6730.0000000000000000, 0.000000, 1.2973860254284206216, 26916
Rectangle(672) : 0.010328986800886003086, 36768.000000000000000, 6724.0000000000000000, 0.000000, 1.2976714431689832006, 26892
Rectangle(673) : 0.010350681520293340532, 36734.000000000000000, 6717.0000000000000000, 0.000000, 1.2979571669494701183, 26864
Rectangle(674) : 0.010372404097931209267, 36699.000000000000000, 6711.0000000000000000, 0.000000, 1.2982430111408421431, 26840
Rectangle(675) : 0.010394155181370562986, 36664.000000000000000, 6705.0000000000000000, 0.000000, 1.2985291720963147641, 26816
Rectangle(676) : 0.010415934833675175543, 36630.000000000000000, 6698.0000000000000000, 0.000000, 1.2988154101745617693, 26788
Rectangle(677) : 0.010437742516180623585, 36595.000000000000000, 6692.0000000000000000, 0.000000, 1.2991019823306517889, 26764
Rectangle(678) : 0.010459578886786735124, 36560.000000000000000, 6686.0000000000000000, 0.000000, 1.2993886246166578450, 26740
Rectangle(679) : 0.010481444002339707166, 36526.000000000000000, 6679.0000000000000000, 0.000000, 1.2996756012305004787, 26712
Rectangle(680) : 0.010503337327675919740, 36491.000000000000000, 6673.0000000000000000, 0.000000, 1.2999626716002224132, 26688
Rectangle(681) : 0.010525259518670965708, 36456.000000000000000, 6666.0000000000000000, 0.000000, 1.3002500463397625539, 26660
Rectangle(682) : 0.010547210639099420902, 36422.000000000000000, 6660.0000000000000000, 0.000000, 1.3005375533069685705, 26636
Rectangle(683) : 0.010569190144708859389, 36387.000000000000000, 6654.0000000000000000, 0.000000, 1.3008253718527831249, 26612
Rectangle(684) : 0.010591198701936791978, 36352.000000000000000, 6647.0000000000000000, 0.000000, 1.3011132630824496949, 26584
Rectangle(685) : 0.010613236368724931549, 36317.000000000000000, 6641.0000000000000000, 0.000000, 1.3014014993425116417, 26560
Rectangle(686) : 0.010635303210681660124, 36283.000000000000000, 6635.0000000000000000, 0.000000, 1.3016898080527811395, 26536
Rectangle(687) : 0.010657398677099894039, 36248.000000000000000, 6628.0000000000000000, 0.000000, 1.3019784444270409747, 26508
Rectangle(688) : 0.010679523441071065992, 36213.000000000000000, 6622.0000000000000000, 0.000000, 1.3022671834846132231, 26484
Rectangle(689) : 0.010701677562063102367, 36178.000000000000000, 6615.0000000000000000, 0.000000, 1.3025562284982547152, 26456
Rectangle(690) : 0.010723861105335208473, 36143.000000000000000, 6609.0000000000000000, 0.000000, 1.3028454065155565181, 26432
Rectangle(691) : 0.010746074131550950291, 36108.000000000000000, 6603.0000000000000000, 0.000000, 1.3031349067391145381, 26408
Rectangle(692) : 0.010768316706790207922, 36074.000000000000000, 6596.0000000000000000, 0.000000, 1.3034244784463955774, 26380
Rectangle(693) : 0.010790588272972122752, 36039.000000000000000, 6590.0000000000000000, 0.000000, 1.3037143914585387989, 26356
Rectangle(694) : 0.010812889513058100132, 36004.000000000000000, 6584.0000000000000000, 0.000000, 1.3040043747824182464, 26332
Rectangle(695) : 0.010835220486693874441, 35969.000000000000000, 6577.0000000000000000, 0.000000, 1.3042946984063601245, 26304
Rectangle(696) : 0.010857581261205436067, 35934.000000000000000, 6571.0000000000000000, 0.000000, 1.3045851223801498242, 26280
Rectangle(697) : 0.010879971897437977666, 35899.000000000000000, 6564.0000000000000000, 0.000000, 1.3048758573389037846, 26252
Rectangle(698) : 0.010902392462282093207, 35864.000000000000000, 6558.0000000000000000, 0.000000, 1.3051667226290756486, 26228
Rectangle(699) : 0.010924843017787030627, 35829.000000000000000, 6551.0000000000000000, 0.000000, 1.3054578695350721076, 26200
Rectangle(700) : 0.010947323630406279619, 35794.000000000000000, 6545.0000000000000000, 0.000000, 1.3057491768070787457, 26176
Rectangle(701) : 0.010969834363400833978, 35759.000000000000000, 6539.0000000000000000, 0.000000, 1.3060407956064370495, 26152
Rectangle(702) : 0.010992375284444667336, 35724.000000000000000, 6532.0000000000000000, 0.000000, 1.3063324862118066213, 26124
Rectangle(703) : 0.011014946454700288393, 35689.000000000000000, 6526.0000000000000000, 0.000000, 1.3066245087726321013, 26100
Rectangle(704) : 0.011037547942799496331, 35654.000000000000000, 6519.0000000000000000, 0.000000, 1.3069166520928043748, 26072
Rectangle(705) : 0.011060179811652719093, 35619.000000000000000, 6513.0000000000000000, 0.000000, 1.3072090790072968296, 26048
Rectangle(706) : 0.011082842128927412286, 35584.000000000000000, 6507.0000000000000000, 0.000000, 1.3075016479609583577, 26024
Rectangle(707) : 0.011105534958512646053, 35549.000000000000000, 6500.0000000000000000, 0.000000, 1.3077945075723432612, 25996
Rectangle(708) : 0.011128258368666865391, 35514.000000000000000, 6494.0000000000000000, 0.000000, 1.3080875208509203893, 25972
Rectangle(709) : 0.011151012423992959900, 35479.000000000000000, 6487.0000000000000000, 0.000000, 1.3083807957443768769, 25944
Rectangle(710) : 0.011173797192327591002, 35444.000000000000000, 6481.0000000000000000, 0.000000, 1.3086742540058856433, 25920
Rectangle(711) : 0.011196612739500762361, 35409.000000000000000, 6474.0000000000000000, 0.000000, 1.3089679447915129556, 25892
Rectangle(712) : 0.011219459132925922997, 35374.000000000000000, 6468.0000000000000000, 0.000000, 1.3092618486927486751, 25868
Rectangle(713) : 0.011242336439667958070, 35339.000000000000000, 6462.0000000000000000, 0.000000, 1.3095560003898029832, 25844
Rectangle(714) : 0.011265244727972375371, 35304.000000000000000, 6455.0000000000000000, 0.000000, 1.3098503061924992322, 25816
Rectangle(715) : 0.011288184063633844304, 35268.000000000000000, 6449.0000000000000000, 0.000000, 1.3101448656874559602, 25792
Rectangle(716) : 0.011311155166777982218, 35233.000000000000000, 6442.0000000000000000, 0.000000, 1.3104396361031429149, 25764
Rectangle(717) : 0.011334157455430754986, 35198.000000000000000, 6436.0000000000000000, 0.000000, 1.3107346123560787531, 25740
Rectangle(718) : 0.011357190997460304357, 35163.000000000000000, 6429.0000000000000000, 0.000000, 1.3110298397217475063, 25712
Rectangle(719) : 0.011380255862225021460, 35128.000000000000000, 6423.0000000000000000, 0.000000, 1.3113252249809438473, 25688
Rectangle(720) : 0.011403352116636913508, 35093.000000000000000, 6416.0000000000000000, 0.000000, 1.3116209099641220905, 25660
Rectangle(721) : 0.011426479831849751455, 35057.000000000000000, 6410.0000000000000000, 0.000000, 1.3119167048197388161, 25636
Rectangle(722) : 0.011449639734431824616, 35022.000000000000000, 6404.0000000000000000, 0.000000, 1.3122127929899551136, 25612
Rectangle(723) : 0.011472831236715816254, 34987.000000000000000, 6397.0000000000000000, 0.000000, 1.3125090700026666833, 25584
Rectangle(724) : 0.011496054407322117642, 34952.000000000000000, 6391.0000000000000000, 0.000000, 1.3128056074506404186, 25560
Rectangle(725) : 0.011519309317125580689, 34916.000000000000000, 6384.0000000000000000, 0.000000, 1.3131023049535812264, 25532
Rectangle(726) : 0.011542596701274783955, 34881.000000000000000, 6378.0000000000000000, 0.000000, 1.3133993008260765699, 25508
Rectangle(727) : 0.011565915966801175875, 34846.000000000000000, 6371.0000000000000000, 0.000000, 1.3136964279392778760, 25480
Rectangle(728) : 0.011589267181515613052, 34810.000000000000000, 6365.0000000000000000, 0.000000, 1.3139938744025367813, 25456
Rectangle(729) : 0.011612651090576300693, 34775.000000000000000, 6358.0000000000000000, 0.000000, 1.3142914317879583168, 25428
Rectangle(730) : 0.011636067091490404455, 34740.000000000000000, 6352.0000000000000000, 0.000000, 1.3145893380423992098, 25404
Rectangle(731) : 0.011659515258964278929, 34704.000000000000000, 6345.0000000000000000, 0.000000, 1.3148873177826337657, 25376
Rectangle(732) : 0.011682996336585954636, 34669.000000000000000, 6339.0000000000000000, 0.000000, 1.3151856807357182468, 25352
Rectangle(733) : 0.011706509725513691757, 34634.000000000000000, 6332.0000000000000000, 0.000000, 1.3154840958267739517, 25324
Rectangle(734) : 0.011730055492558410067, 34598.000000000000000, 6326.0000000000000000, 0.000000, 1.3157828736071542105, 25300
Rectangle(735) : 0.011753634395200388049, 34563.000000000000000, 6319.0000000000000000, 0.000000, 1.3160817586396149142, 25272
Rectangle(736) : 0.011777245822409820532, 34528.000000000000000, 6313.0000000000000000, 0.000000, 1.3163809604917487208, 25248
Rectangle(737) : 0.011800889849300800280, 34492.000000000000000, 6306.0000000000000000, 0.000000, 1.3166803074966057092, 25220
Rectangle(738) : 0.011824567232679456365, 34457.000000000000000, 6300.0000000000000000, 0.000000, 1.3169799340718521426, 25196
Rectangle(739) : 0.011848277362234317559, 34421.000000000000000, 6293.0000000000000000, 0.000000, 1.3172797523864434059, 25168
Rectangle(740) : 0.011872020999908599056, 34386.000000000000000, 6287.0000000000000000, 0.000000, 1.3175798043339839209, 25144
Rectangle(741) : 0.011895797531181035045, 34350.000000000000000, 6280.0000000000000000, 0.000000, 1.3178800946534752558, 25116
Rectangle(742) : 0.011919607723165124572, 34315.000000000000000, 6274.0000000000000000, 0.000000, 1.3181805726218627863, 25092
Rectangle(743) : 0.011943450957104272548, 34279.000000000000000, 6267.0000000000000000, 0.000000, 1.3184813356396298318, 25064
Rectangle(744) : 0.011967328005315703156, 34244.000000000000000, 6261.0000000000000000, 0.000000, 1.3187822402767611136, 25040
Rectangle(745) : 0.011991238244781792431, 34208.000000000000000, 6254.0000000000000000, 0.000000, 1.3190834766843462918, 25012
Rectangle(746) : 0.012015182453057176735, 34173.000000000000000, 6248.0000000000000000, 0.000000, 1.3193848086374337421, 24988
Rectangle(747) : 0.012039160002837337498, 34137.000000000000000, 6241.0000000000000000, 0.000000, 1.3196865166473762564, 24960
Rectangle(748) : 0.012063171676875694010, 34102.000000000000000, 6235.0000000000000000, 0.000000, 1.3199882790391338632, 24936
Rectangle(749) : 0.012087216843699901795, 34066.000000000000000, 6228.0000000000000000, 0.000000, 1.3202904251251766037, 24908
Rectangle(750) : 0.012111296290219163716, 34031.000000000000000, 6222.0000000000000000, 0.000000, 1.3205926528027579662, 24884
Rectangle(751) : 0.012135409382776031218, 33995.000000000000000, 6215.0000000000000000, 0.000000, 1.3208952376246335509, 24856
Rectangle(752) : 0.012159556911460385786, 33959.000000000000000, 6209.0000000000000000, 0.000000, 1.3211979312590493859, 24832
Rectangle(753) : 0.012183738952488067679, 33924.000000000000000, 6202.0000000000000000, 0.000000, 1.3215009643949192543, 24804
Rectangle(754) : 0.012207954875268250418, 33888.000000000000000, 6196.0000000000000000, 0.000000, 1.3218041246520429924, 24780
Rectangle(755) : 0.012232205469126018448, 33852.000000000000000, 6189.0000000000000000, 0.000000, 1.3221075978700928868, 24752
Rectangle(756) : 0.012256490817048448227, 33817.000000000000000, 6183.0000000000000000, 0.000000, 1.3224112343842200732, 24728
Rectangle(757) : 0.012280810278691533660, 33781.000000000000000, 6176.0000000000000000, 0.000000, 1.3227151483391272454, 24700
Rectangle(758) : 0.012305164653882887594, 33745.000000000000000, 6169.0000000000000000, 0.000000, 1.3230193029823382071, 24672
Rectangle(759) : 0.012329554024248344349, 33710.000000000000000, 6163.0000000000000000, 0.000000, 1.3233236172196155874, 24648
Rectangle(760) : 0.012353977744723562848, 33674.000000000000000, 6156.0000000000000000, 0.000000, 1.3236282495385120314, 24620
Rectangle(761) : 0.012378436622479057058, 33638.000000000000000, 6150.0000000000000000, 0.000000, 1.3239329968249451653, 24596
Rectangle(762) : 0.012402930736184537323, 33603.000000000000000, 6143.0000000000000000, 0.000000, 1.3242381165522821630, 24568
Rectangle(763) : 0.012427459442447438914, 33567.000000000000000, 6137.0000000000000000, 0.000000, 1.3245432975324567885, 24544
Rectangle(764) : 0.012452023547000495690, 33531.000000000000000, 6130.0000000000000000, 0.000000, 1.3248488782197621674, 24516
Rectangle(765) : 0.012476623137773802843, 33495.000000000000000, 6124.0000000000000000, 0.000000, 1.3251545207262343396, 24492
Rectangle(766) : 0.012501258292893260504, 33459.000000000000000, 6117.0000000000000000, 0.000000, 1.3254605547880391281, 24464
Rectangle(767) : 0.012525929100591877890, 33424.000000000000000, 6110.0000000000000000, 0.000000, 1.3257666943700540166, 24436
Rectangle(768) : 0.012550634901644117419, 33388.000000000000000, 6104.0000000000000000, 0.000000, 1.3260731558908331327, 24412
Rectangle(769) : 0.012575376520066629493, 33352.000000000000000, 6097.0000000000000000, 0.000000, 1.3263797753062445627, 24384
Rectangle(770) : 0.012600154037915821283, 33316.000000000000000, 6091.0000000000000000, 0.000000, 1.3266866829088111301, 24360
Rectangle(771) : 0.012624967541424910343, 33280.000000000000000, 6084.0000000000000000, 0.000000, 1.3269937920199626991, 24332
Rectangle(772) : 0.012649817114502433261, 33244.000000000000000, 6078.0000000000000000, 0.000000, 1.3273011464161434974, 24308
Rectangle(773) : 0.012674702842646343244, 33209.000000000000000, 6071.0000000000000000, 0.000000, 1.3276087459314684035, 24280
Rectangle(774) : 0.012699624061169378217, 33173.000000000000000, 6064.0000000000000000, 0.000000, 1.3279165118735163361, 24252
Rectangle(775) : 0.012724581602298414371, 33137.000000000000000, 6058.0000000000000000, 0.000000, 1.3282246199032561454, 24228
Rectangle(776) : 0.012749575555278565143, 33101.000000000000000, 6051.0000000000000000, 0.000000, 1.3285328423672299960, 24200
Rectangle(777) : 0.012774606002768587499, 33065.000000000000000, 6045.0000000000000000, 0.000000, 1.3288414338510958085, 24176
Rectangle(778) : 0.012799673035396777301, 33029.000000000000000, 6038.0000000000000000, 0.000000, 1.3291501135456534076, 24148
Rectangle(779) : 0.012824776735585873350, 32993.000000000000000, 6032.0000000000000000, 0.000000, 1.3294591891857933181, 24124
Rectangle(780) : 0.012849917195355697050, 32957.000000000000000, 6025.0000000000000000, 0.000000, 1.3297683268185116990, 24096
Rectangle(781) : 0.012875094496894626919, 32921.000000000000000, 6018.0000000000000000, 0.000000, 1.3300778037753636843, 24068
Rectangle(782) : 0.012900308731084820524, 32885.000000000000000, 6012.0000000000000000, 0.000000, 1.3303874835610491385, 24044
Rectangle(783) : 0.012925559984956222353, 32849.000000000000000, 6005.0000000000000000, 0.000000, 1.3306974200718000550, 24016
Rectangle(784) : 0.012950848347465638167, 32813.000000000000000, 5999.0000000000000000, 0.000000, 1.3310075851976987865, 23992
Rectangle(785) : 0.012976173907005994086, 32777.000000000000000, 5992.0000000000000000, 0.000000, 1.3313179819711471804, 23964
Rectangle(786) : 0.013001536752353986495, 32741.000000000000000, 5985.0000000000000000, 0.000000, 1.3316287064703844761, 23936
Rectangle(787) : 0.013026936975513645164, 32705.000000000000000, 5979.0000000000000000, 0.000000, 1.3319394908991054548, 23912
Rectangle(788) : 0.013052374660604582496, 32669.000000000000000, 5972.0000000000000000, 0.000000, 1.3322506918237515987, 23884
Rectangle(789) : 0.013077849902939020391, 32633.000000000000000, 5965.0000000000000000, 0.000000, 1.3325619569512446110, 23856
Rectangle(790) : 0.013103362787349011646, 32597.000000000000000, 5959.0000000000000000, 0.000000, 1.3328736117498563682, 23832
Rectangle(791) : 0.013128913408932281774, 32560.000000000000000, 5952.0000000000000000, 0.000000, 1.3331853722458634753, 23804
Rectangle(792) : 0.013154502640266614190, 32524.000000000000000, 5946.0000000000000000, 0.000000, 1.3334974917467694199, 23780
Rectangle(793) : 0.013180129792269651007, 32488.000000000000000, 5939.0000000000000000, 0.000000, 1.3338097578784588438, 23752
Rectangle(794) : 0.013205794953494671286, 32452.000000000000000, 5932.0000000000000000, 0.000000, 1.3341222840024041140, 23724
Rectangle(795) : 0.013231498216282863204, 32416.000000000000000, 5926.0000000000000000, 0.000000, 1.3344350960963456469, 23700
Rectangle(796) : 0.013257239674084453334, 32380.000000000000000, 5919.0000000000000000, 0.000000, 1.3347480865791462849, 23672
Rectangle(797) : 0.013283019417338905041, 32343.000000000000000, 5912.0000000000000000, 0.000000, 1.3350614247313066755, 23644
Rectangle(798) : 0.013308838340281467781, 32307.000000000000000, 5906.0000000000000000, 0.000000, 1.3353748535463688598, 23620
Rectangle(799) : 0.013334695735073505694, 32271.000000000000000, 5899.0000000000000000, 0.000000, 1.3356886674093146757, 23592
Rectangle(800) : 0.013360591699481466856, 32235.000000000000000, 5893.0000000000000000, 0.000000, 1.3360025862985861057, 23568
Rectangle(801) : 0.013386526322912476197, 32198.000000000000000, 5886.0000000000000000, 0.000000, 1.3363168669016496319, 23540
Rectangle(802) : 0.013412500509722267167, 32162.000000000000000, 5879.0000000000000000, 0.000000, 1.3366313202675771948, 23512
Rectangle(803) : 0.013438513547476995641, 32126.000000000000000, 5873.0000000000000000, 0.000000, 1.3369460441309480499, 23488
Rectangle(804) : 0.013464565531668334371, 32090.000000000000000, 5866.0000000000000000, 0.000000, 1.3372609969470909937, 23460
Rectangle(805) : 0.013490656556814706792, 32053.000000000000000, 5859.0000000000000000, 0.000000, 1.3375761462741396891, 23432
Rectangle(806) : 0.013516787531958192260, 32017.000000000000000, 5853.0000000000000000, 0.000000, 1.3378916437081943840, 23408
Rectangle(807) : 0.013542957742899510759, 31981.000000000000000, 5846.0000000000000000, 0.000000, 1.3382072713485178358, 23380
Rectangle(808) : 0.013569167282043018399, 31944.000000000000000, 5839.0000000000000000, 0.000000, 1.3385232522349559348, 23352
Rectangle(809) : 0.013595417070805695457, 31908.000000000000000, 5833.0000000000000000, 0.000000, 1.3388393686836957255, 23328
Rectangle(810) : 0.013621706382849185983, 31872.000000000000000, 5826.0000000000000000, 0.000000, 1.3391558296341185707, 23300
Rectangle(811) : 0.013648035318266923137, 31835.000000000000000, 5819.0000000000000000, 0.000000, 1.3394724811288068715, 23272
Rectangle(812) : 0.013674404800947268885, 31799.000000000000000, 5813.0000000000000000, 0.000000, 1.3397893814681979485, 23248
Rectangle(813) : 0.013700814102543803303, 31762.000000000000000, 5806.0000000000000000, 0.000000, 1.3401065450007596079, 23220
Rectangle(814) : 0.013727264154335276119, 31726.000000000000000, 5799.0000000000000000, 0.000000, 1.3404238897088809052, 23192
Rectangle(815) : 0.013753754222093861535, 31690.000000000000000, 5793.0000000000000000, 0.000000, 1.3407415953591266691, 23168
Rectangle(816) : 0.013780284408126020786, 31653.000000000000000, 5786.0000000000000000, 0.000000, 1.3410594119727196626, 23140
Rectangle(817) : 0.013806855646617560914, 31617.000000000000000, 5779.0000000000000000, 0.000000, 1.3413775966087500351, 23112
Rectangle(818) : 0.013833467203584026741, 31580.000000000000000, 5773.0000000000000000, 0.000000, 1.3416959229264728756, 23088
Rectangle(819) : 0.013860120019382838421, 31544.000000000000000, 5766.0000000000000000, 0.000000, 1.3420145912617056293, 23060
Rectangle(820) : 0.013886813355397982526, 31507.000000000000000, 5759.0000000000000000, 0.000000, 1.3423334715036278771, 23032
Rectangle(821) : 0.013913548159457513039, 31471.000000000000000, 5752.0000000000000000, 0.000000, 1.3426525439918861632, 23004
Rectangle(822) : 0.013940323684353191160, 31434.000000000000000, 5746.0000000000000000, 0.000000, 1.3429719718776384128, 22980
Rectangle(823) : 0.013967140887759618545, 31398.000000000000000, 5739.0000000000000000, 0.000000, 1.3432915291445604736, 22952
Rectangle(824) : 0.013993999016594084450, 31361.000000000000000, 5732.0000000000000000, 0.000000, 1.3436114482295672649, 22924
Rectangle(825) : 0.014020899034075337193, 31324.000000000000000, 5726.0000000000000000, 0.000000, 1.3439315081094088813, 22900
Rectangle(826) : 0.014047841043656150910, 31288.000000000000000, 5719.0000000000000000, 0.000000, 1.3442519239729792344, 22872
Rectangle(827) : 0.014074824293591365025, 31251.000000000000000, 5712.0000000000000000, 0.000000, 1.3445725369953505050, 22844
Rectangle(828) : 0.014101849749960612425, 31215.000000000000000, 5706.0000000000000000, 0.000000, 1.3448933957820984060, 22820
Rectangle(829) : 0.014128916653557668277, 31178.000000000000000, 5699.0000000000000000, 0.000000, 1.3452145256279112730, 22792
Rectangle(830) : 0.014156025978261879941, 31141.000000000000000, 5692.0000000000000000, 0.000000, 1.3455358345003117748, 22764
Rectangle(831) : 0.014183177830626939245, 31105.000000000000000, 5685.0000000000000000, 0.000000, 1.3458575194242589604, 22736
Rectangle(832) : 0.014210371449640739565, 31068.000000000000000, 5679.0000000000000000, 0.000000, 1.3461793199968814433, 22712
Rectangle(833) : 0.014237607812457685665, 31031.000000000000000, 5672.0000000000000000, 0.000000, 1.3465014943955182359, 22684
Rectangle(834) : 0.014264887033056297319, 30995.000000000000000, 5665.0000000000000000, 0.000000, 1.3468238564085706004, 22656
Rectangle(835) : 0.014292208338312260236, 30958.000000000000000, 5659.0000000000000000, 0.000000, 1.3471464808824462219, 22632
Rectangle(836) : 0.014319572718468680102, 30921.000000000000000, 5652.0000000000000000, 0.000000, 1.3474693617142848698, 22604
Rectangle(837) : 0.014346980284902957288, 30884.000000000000000, 5645.0000000000000000, 0.000000, 1.3477924435707684805, 22576
Rectangle(838) : 0.014374431147601143031, 30848.000000000000000, 5638.0000000000000000, 0.000000, 1.3481159056163667832, 22548
Rectangle(839) : 0.014401924531470968199, 30811.000000000000000, 5632.0000000000000000, 0.000000, 1.3484394642856783594, 22524
Rectangle(840) : 0.014429461432716811514, 30774.000000000000000, 5625.0000000000000000, 0.000000, 1.3487634187145160985, 22496
Rectangle(841) : 0.014457041968841933893, 30737.000000000000000, 5618.0000000000000000, 0.000000, 1.3490875355370860303, 22468
Rectangle(842) : 0.014484666250181592481, 30701.000000000000000, 5611.0000000000000000, 0.000000, 1.3494119081410046007, 22440
Rectangle(843) : 0.014512333489298917800, 30664.000000000000000, 5605.0000000000000000, 0.000000, 1.3497365966267439956, 22416
Rectangle(844) : 0.014540044701033418973, 30627.000000000000000, 5598.0000000000000000, 0.000000, 1.3500614626603336112, 22388
Rectangle(845) : 0.014567799997427461276, 30590.000000000000000, 5591.0000000000000000, 0.000000, 1.3503867130932609045, 22360
Rectangle(846) : 0.014595599497692033388, 30553.000000000000000, 5584.0000000000000000, 0.000000, 1.3507120682778703035, 22332
Rectangle(847) : 0.014623443312318350617, 30516.000000000000000, 5578.0000000000000000, 0.000000, 1.3510378038419352696, 22308
Rectangle(848) : 0.014651331561231770963, 30479.000000000000000, 5571.0000000000000000, 0.000000, 1.3513636916665272768, 22280
Rectangle(849) : 0.014679264357309940433, 30443.000000000000000, 5564.0000000000000000, 0.000000, 1.3516898674467406495, 22252
Rectangle(850) : 0.014707240899288284902, 30406.000000000000000, 5557.0000000000000000, 0.000000, 1.3520164200815287421, 22224
Rectangle(851) : 0.014735262224687269600, 30369.000000000000000, 5551.0000000000000000, 0.000000, 1.3523430097787675043, 22200
Rectangle(852) : 0.014763328443850849814, 30332.000000000000000, 5544.0000000000000000, 0.000000, 1.3526700705996784106, 22172
Rectangle(853) : 0.014791439681837124323, 30295.000000000000000, 5537.0000000000000000, 0.000000, 1.3529972003153205031, 22144
Rectangle(854) : 0.014819596050885327673, 30258.000000000000000, 5530.0000000000000000, 0.000000, 1.3533246814176615214, 22116
Rectangle(855) : 0.014847797672982546971, 30221.000000000000000, 5523.0000000000000000, 0.000000, 1.3536525013059172650, 22088
Rectangle(856) : 0.014876044670146966324, 30184.000000000000000, 5517.0000000000000000, 0.000000, 1.3539804122621683710, 22064
Rectangle(857) : 0.014904337156638556848, 30147.000000000000000, 5510.0000000000000000, 0.000000, 1.3543087682437692175, 22036
Rectangle(858) : 0.014932675258879037467, 30110.000000000000000, 5503.0000000000000000, 0.000000, 1.3546371791571647885, 22008
Rectangle(859) : 0.014961059090800564029, 30073.000000000000000, 5496.0000000000000000, 0.000000, 1.3549659826585046301, 21980
Rectangle(860) : 0.014989488777983701881, 30036.000000000000000, 5490.0000000000000000, 0.000000, 1.3552949965412637798, 21956
Rectangle(861) : 0.015017964440406836246, 29999.000000000000000, 5483.0000000000000000, 0.000000, 1.3556243116218868337, 21928
Rectangle(862) : 0.015046486201519602899, 29962.000000000000000, 5476.0000000000000000, 0.000000, 1.3559539269939105570, 21900
Rectangle(863) : 0.015075054185198726808, 29924.000000000000000, 5469.0000000000000000, 0.000000, 1.3562836634071508385, 21872
Rectangle(864) : 0.015103669466023721824, 29887.000000000000000, 5462.0000000000000000, 0.000000, 1.3566138067174228114, 21844
Rectangle(865) : 0.015132331218849948036, 29850.000000000000000, 5456.0000000000000000, 0.000000, 1.3569441082908721331, 21820
Rectangle(866) : 0.015161039564186325662, 29813.000000000000000, 5449.0000000000000000, 0.000000, 1.3572747654829843734, 21792
Rectangle(867) : 0.015189794629610234171, 29776.000000000000000, 5442.0000000000000000, 0.000000, 1.3576056533915366309, 21764
Rectangle(868) : 0.015218596538979912322, 29739.000000000000000, 5435.0000000000000000, 0.000000, 1.3579367327492716030, 21736
Rectangle(869) : 0.015247445415295500324, 29702.000000000000000, 5428.0000000000000000, 0.000000, 1.3582682113240151853, 21708
Rectangle(870) : 0.015276341389011883571, 29664.000000000000000, 5421.0000000000000000, 0.000000, 1.3585998229312685521, 21680
Rectangle(871) : 0.015305285557800019647, 29627.000000000000000, 5415.0000000000000000, 0.000000, 1.3589317986098192699, 21656
Rectangle(872) : 0.015334277079000607599, 29590.000000000000000, 5408.0000000000000000, 0.000000, 1.3592639611965299200, 21628
Rectangle(873) : 0.015363316077351284514, 29553.000000000000000, 5401.0000000000000000, 0.000000, 1.3595963900630011843, 21600
Rectangle(874) : 0.015392402680743935047, 29515.000000000000000, 5394.0000000000000000, 0.000000, 1.3599292215399373787, 21572
Rectangle(875) : 0.015421538009273155354, 29478.000000000000000, 5387.0000000000000000, 0.000000, 1.3602621198214627664, 21544
Rectangle(876) : 0.015450721200799767159, 29441.000000000000000, 5381.0000000000000000, 0.000000, 1.3605954694130285315, 21520
Rectangle(877) : 0.015479952390956794044, 29404.000000000000000, 5374.0000000000000000, 0.000000, 1.3609289086560823156, 21492
Rectangle(878) : 0.015509231703589635913, 29366.000000000000000, 5367.0000000000000000, 0.000000, 1.3612626935898939965, 21464
Rectangle(879) : 0.015538560270421682974, 29329.000000000000000, 5360.0000000000000000, 0.000000, 1.3615968517571344676, 21436
Rectangle(880) : 0.015567937230146090027, 29292.000000000000000, 5353.0000000000000000, 0.000000, 1.3619310716002265062, 21408
Rectangle(881) : 0.015597362707122746674, 29254.000000000000000, 5346.0000000000000000, 0.000000, 1.3622656981816869698, 21380
Rectangle(882) : 0.015626837845503196766, 29217.000000000000000, 5339.0000000000000000, 0.000000, 1.3626005946446793328, 21352
Rectangle(883) : 0.015656361773170126270, 29180.000000000000000, 5333.0000000000000000, 0.000000, 1.3629356910480273044, 21328
Rectangle(884) : 0.015685934620704328714, 29142.000000000000000, 5326.0000000000000000, 0.000000, 1.3632711310910807827, 21300
Rectangle(885) : 0.015715557540582548492, 29105.000000000000000, 5319.0000000000000000, 0.000000, 1.3636067258781051300, 21272
Rectangle(886) : 0.015745229649356920769, 29067.000000000000000, 5312.0000000000000000, 0.000000, 1.3639427309182197794, 21244
Rectangle(887) : 0.015774952108878653999, 29030.000000000000000, 5305.0000000000000000, 0.000000, 1.3642789214305796797, 21216
Rectangle(888) : 0.015804724031766376344, 28993.000000000000000, 5298.0000000000000000, 0.000000, 1.3646153627628724834, 21188
Rectangle(889) : 0.015834545552918477627, 28955.000000000000000, 5291.0000000000000000, 0.000000, 1.3649522166324330132, 21160
Rectangle(890) : 0.015864417844979690993, 28918.000000000000000, 5285.0000000000000000, 0.000000, 1.3652891306725121044, 21136
Rectangle(891) : 0.015894340008707214061, 28880.000000000000000, 5278.0000000000000000, 0.000000, 1.3656265209696044949, 21108
Rectangle(892) : 0.015924313226192311170, 28843.000000000000000, 5271.0000000000000000, 0.000000, 1.3659640072963429976, 21080
Rectangle(893) : 0.015954336594333501164, 28805.000000000000000, 5264.0000000000000000, 0.000000, 1.3663018346694143176, 21052
Rectangle(894) : 0.015984411297845718290, 28768.000000000000000, 5257.0000000000000000, 0.000000, 1.3666400515216423105, 21024
Rectangle(895) : 0.016014536438680035667, 28730.000000000000000, 5250.0000000000000000, 0.000000, 1.3669783157666691356, 20996
Rectangle(896) : 0.016044713198713682348, 28692.000000000000000, 5243.0000000000000000, 0.000000, 1.3673170086269942306, 20968
Rectangle(897) : 0.016074941729615222646, 28655.000000000000000, 5236.0000000000000000, 0.000000, 1.3676559786673053183, 20940
Rectangle(898) : 0.016105221121646885718, 28617.000000000000000, 5230.0000000000000000, 0.000000, 1.3679951444061816236, 20916
Rectangle(899) : 0.016135552573036136220, 28580.000000000000000, 5223.0000000000000000, 0.000000, 1.3683346739142631042, 20888
Rectangle(900) : 0.016165935171843493222, 28542.000000000000000, 5216.0000000000000000, 0.000000, 1.3686743435287531356, 20860
Rectangle(901) : 0.016196370121865522271, 28504.000000000000000, 5209.0000000000000000, 0.000000, 1.3690144455605020900, 20832
Rectangle(902) : 0.016226857577856278028, 28467.000000000000000, 5202.0000000000000000, 0.000000, 1.3693547288113561360, 20804
Rectangle(903) : 0.016257396613540099862, 28429.000000000000000, 5195.0000000000000000, 0.000000, 1.3696952689586487226, 20776
Rectangle(904) : 0.016287988448249679823, 28391.000000000000000, 5188.0000000000000000, 0.000000, 1.3700362440006145980, 20748
Rectangle(905) : 0.016318633238641022664, 28354.000000000000000, 5181.0000000000000000, 0.000000, 1.3703772809931686221, 20720
Rectangle(906) : 0.016349330046181164042, 28316.000000000000000, 5174.0000000000000000, 0.000000, 1.3707186946291964534, 20692
Rectangle(907) : 0.016380080106028218585, 28278.000000000000000, 5167.0000000000000000, 0.000000, 1.3710604722881406685, 20664
Rectangle(908) : 0.016410883574176183104, 28241.000000000000000, 5161.0000000000000000, 0.000000, 1.3714023522568940335, 20640
Rectangle(909) : 0.016441739505349190223, 28203.000000000000000, 5154.0000000000000000, 0.000000, 1.3717446924464340483, 20612
Rectangle(910) : 0.016472649149445436510, 28165.000000000000000, 5147.0000000000000000, 0.000000, 1.3720871000619642697, 20584
Rectangle(911) : 0.016503612653797006340, 28127.000000000000000, 5140.0000000000000000, 0.000000, 1.3724299472463506779, 20556
Rectangle(912) : 0.016534630179563933161, 28089.000000000000000, 5133.0000000000000000, 0.000000, 1.3727730555745311395, 20528
Rectangle(913) : 0.016565701882208190028, 28052.000000000000000, 5126.0000000000000000, 0.000000, 1.3731163539410071989, 20500
Rectangle(914) : 0.016596826805705302790, 28014.000000000000000, 5119.0000000000000000, 0.000000, 1.3734600821968799654, 20472
Rectangle(915) : 0.016628006218934291152, 27976.000000000000000, 5112.0000000000000000, 0.000000, 1.3738039463935950954, 20444
Rectangle(916) : 0.016659240274781931811, 27938.000000000000000, 5105.0000000000000000, 0.000000, 1.3741481263254740162, 20416
Rectangle(917) : 0.016690529133194326185, 27900.000000000000000, 5098.0000000000000000, 0.000000, 1.3744927509624472876, 20388
Rectangle(918) : 0.016721872959393697056, 27862.000000000000000, 5091.0000000000000000, 0.000000, 1.3748373831756496038, 20360
Rectangle(919) : 0.016753271903589219617, 27825.000000000000000, 5084.0000000000000000, 0.000000, 1.3751824600088873464, 20332
Rectangle(920) : 0.016784725001882441085, 27787.000000000000000, 5077.0000000000000000, 0.000000, 1.3755278430839052901, 20304
Rectangle(921) : 0.016816233543397678617, 27749.000000000000000, 5070.0000000000000000, 0.000000, 1.3758733594005774055, 20276
Rectangle(922) : 0.016847797684786578303, 27711.000000000000000, 5063.0000000000000000, 0.000000, 1.3762193238068053850, 20248
Rectangle(923) : 0.016879417594707072164, 27673.000000000000000, 5057.0000000000000000, 0.000000, 1.3765654287693319747, 20224
Rectangle(924) : 0.016911093431398769197, 27635.000000000000000, 5050.0000000000000000, 0.000000, 1.3769119564191174132, 20196
Rectangle(925) : 0.016942825363963238797, 27597.000000000000000, 5043.0000000000000000, 0.000000, 1.3772586879523008880, 20168
Rectangle(926) : 0.016974613554272051381, 27559.000000000000000, 5036.0000000000000000, 0.000000, 1.3776056681586889971, 20140
Rectangle(927) : 0.017006458166491605393, 27521.000000000000000, 5029.0000000000000000, 0.000000, 1.3779531005821772353, 20112
Rectangle(928) : 0.017038359372864272710, 27483.000000000000000, 5022.0000000000000000, 0.000000, 1.3783006021012797167, 20084
Rectangle(929) : 0.017070317332406581763, 27445.000000000000000, 5015.0000000000000000, 0.000000, 1.3786484875331006124, 20056
Rectangle(930) : 0.017102332216266414178, 27407.000000000000000, 5008.0000000000000000, 0.000000, 1.3789967610032037216, 20028
Rectangle(931) : 0.017134404196454074400, 27369.000000000000000, 5001.0000000000000000, 0.000000, 1.3793450990815293952, 20000
Rectangle(932) : 0.017166533433878953987, 27331.000000000000000, 4994.0000000000000000, 0.000000, 1.3796938928624661155, 19972
Rectangle(933) : 0.017198720104431164521, 27293.000000000000000, 4987.0000000000000000, 0.000000, 1.3800429379733919091, 19944
Rectangle(934) : 0.017230964377247395493, 27254.000000000000000, 4980.0000000000000000, 0.000000, 1.3803921848113846571, 19916
Rectangle(935) : 0.017263267605573930484, 27216.000000000000000, 4973.0000000000000000, 0.000000, 1.3807419028972254036, 19888
Rectangle(936) : 0.017295628786603369983, 27178.000000000000000, 4966.0000000000000000, 0.000000, 1.3810917321450345561, 19860
Rectangle(937) : 0.017328048086483605267, 27140.000000000000000, 4959.0000000000000000, 0.000000, 1.3814419037237958207, 19832
Rectangle(938) : 0.017360525680578070847, 27102.000000000000000, 4952.0000000000000000, 0.000000, 1.3817925120461067704, 19804
Rectangle(939) : 0.017393061748471440589, 27064.000000000000000, 4945.0000000000000000, 0.000000, 1.3821431366900058036, 19776
Rectangle(940) : 0.017425656454970480118, 27025.000000000000000, 4938.0000000000000000, 0.000000, 1.3824942233326807739, 19748
Rectangle(941) : 0.017458311190338941941, 26987.000000000000000, 4931.0000000000000000, 0.000000, 1.3828456175057132535, 19720
Rectangle(942) : 0.017491024927230990456, 26949.000000000000000, 4924.0000000000000000, 0.000000, 1.3831971705780532702, 19692
Rectangle(943) : 0.017523797837935582584, 26911.000000000000000, 4917.0000000000000000, 0.000000, 1.3835491884569249512, 19664
Rectangle(944) : 0.017556630106838890709, 26872.000000000000000, 4910.0000000000000000, 0.000000, 1.3839013550624514862, 19636
Rectangle(945) : 0.017589523131364882503, 26834.000000000000000, 4903.0000000000000000, 0.000000, 1.3842538398373140068, 19608
Rectangle(946) : 0.017622475871911849560, 26796.000000000000000, 4896.0000000000000000, 0.000000, 1.3846067922555655846, 19580
Rectangle(947) : 0.017655488515300995910, 26758.000000000000000, 4889.0000000000000000, 0.000000, 1.3849597438953156079, 19552
Rectangle(948) : 0.017688561231643596837, 26719.000000000000000, 4882.0000000000000000, 0.000000, 1.3853131504483532166, 19524
Rectangle(949) : 0.017721695448884075643, 26681.000000000000000, 4875.0000000000000000, 0.000000, 1.3856669034660763604, 19496
Rectangle(950) : 0.017754890115630677208, 26643.000000000000000, 4868.0000000000000000, 0.000000, 1.3860207768830612999, 19468
Rectangle(951) : 0.017788145408836512185, 26604.000000000000000, 4861.0000000000000000, 0.000000, 1.3863751216177887785, 19440
Rectangle(952) : 0.017821462771699908245, 26566.000000000000000, 4854.0000000000000000, 0.000000, 1.3867296612136834248, 19412
Rectangle(953) : 0.017854841137325658581, 26527.000000000000000, 4847.0000000000000000, 0.000000, 1.3870844732058930183, 19384
Rectangle(954) : 0.017888281951334249564, 26489.000000000000000, 4840.0000000000000000, 0.000000, 1.3874397728006534567, 19356
Rectangle(955) : 0.017921784151221019675, 26451.000000000000000, 4833.0000000000000000, 0.000000, 1.3877950984132768010, 19328
Rectangle(956) : 0.017955347914345789128, 26412.000000000000000, 4826.0000000000000000, 0.000000, 1.3881508522470356591, 19300
Rectangle(957) : 0.017988974707176587086, 26374.000000000000000, 4819.0000000000000000, 0.000000, 1.3885069867047000333, 19272
Rectangle(958) : 0.018022663453165238789, 26335.000000000000000, 4811.0000000000000000, 0.000000, 1.3888632646176331227, 19240
Rectangle(959) : 0.018056415618140277070, 26297.000000000000000, 4804.0000000000000000, 0.000000, 1.3892198520653611726, 19212
Rectangle(960) : 0.018090230116070282819, 26258.000000000000000, 4797.0000000000000000, 0.000000, 1.3895769188507498039, 19184
Rectangle(961) : 0.018124108435776686574, 26220.000000000000000, 4790.0000000000000000, 0.000000, 1.3899340396271735693, 19156
Rectangle(962) : 0.018158049474664069242, 26181.000000000000000, 4783.0000000000000000, 0.000000, 1.3902915741269189727, 19128
Rectangle(963) : 0.018192054729395627203, 26143.000000000000000, 4776.0000000000000000, 0.000000, 1.3906495095214018712, 19100
Rectangle(964) : 0.018226123103703143627, 26104.000000000000000, 4769.0000000000000000, 0.000000, 1.3910075111809346218, 19072
Rectangle(965) : 0.018260256091413108944, 26066.000000000000000, 4762.0000000000000000, 0.000000, 1.3913660097252052525, 19044
Rectangle(966) : 0.018294452592975496930, 26027.000000000000000, 4755.0000000000000000, 0.000000, 1.3917247329048147288, 19016
Rectangle(967) : 0.018328714118810392029, 25988.000000000000000, 4748.0000000000000000, 0.000000, 1.3920836989265761992, 18988
Rectangle(968) : 0.018363040873425082509, 25950.000000000000000, 4741.0000000000000000, 0.000000, 1.3924431649752281044, 18960
Rectangle(969) : 0.018397431746834532532, 25911.000000000000000, 4734.0000000000000000, 0.000000, 1.3928026889290452014, 18932
Rectangle(970) : 0.018431888259085277204, 25872.000000000000000, 4727.0000000000000000, 0.000000, 1.3931626227415708199, 18904
Rectangle(971) : 0.018466410623909858637, 25834.000000000000000, 4720.0000000000000000, 0.000000, 1.3935229827653179915, 18876
Rectangle(972) : 0.018500997717769319734, 25795.000000000000000, 4713.0000000000000000, 0.000000, 1.3938833836968400011, 18848
Rectangle(973) : 0.018535651076315427119, 25756.000000000000000, 4705.0000000000000000, 0.000000, 1.3942442262160616900, 18816
Rectangle(974) : 0.018570370917370562299, 25718.000000000000000, 4698.0000000000000000, 0.000000, 1.3946055054034273075, 18788
Rectangle(975) : 0.018605156106942201902, 25679.000000000000000, 4691.0000000000000000, 0.000000, 1.3949668499375808448, 18760
Rectangle(976) : 0.018640008198142699618, 25640.000000000000000, 4684.0000000000000000, 0.000000, 1.3953285966996666822, 18732
Rectangle(977) : 0.018674927410182468209, 25602.000000000000000, 4677.0000000000000000, 0.000000, 1.3956907833536157809, 18704
Rectangle(978) : 0.018709912598189405784, 25563.000000000000000, 4670.0000000000000000, 0.000000, 1.3960529969777334994, 18676
Rectangle(979) : 0.018744965330536068284, 25524.000000000000000, 4663.0000000000000000, 0.000000, 1.3964157202970584018, 18648
Rectangle(980) : 0.018780085833603654023, 25485.000000000000000, 4656.0000000000000000, 0.000000, 1.3967787092337619693, 18620
Rectangle(981) : 0.018815274325235349608, 25446.000000000000000, 4649.0000000000000000, 0.000000, 1.3971419138243971232, 18592
Rectangle(982) : 0.018850531022312469671, 25408.000000000000000, 4642.0000000000000000, 0.000000, 1.3975056314111178616, 18564
Rectangle(983) : 0.018885854764102894649, 25369.000000000000000, 4634.0000000000000000, 0.000000, 1.3978695427515725696, 18532
Rectangle(984) : 0.018921247154136067915, 25330.000000000000000, 4627.0000000000000000, 0.000000, 1.3982335909544531365, 18504
Rectangle(985) : 0.018956708409207305701, 25291.000000000000000, 4620.0000000000000000, 0.000000, 1.3985981545571292381, 18476
Rectangle(986) : 0.018992238762082127940, 25252.000000000000000, 4613.0000000000000000, 0.000000, 1.3989629892580621121, 18448
Rectangle(987) : 0.019027838436929984035, 25213.000000000000000, 4606.0000000000000000, 0.000000, 1.3993280339024290140, 18420
Rectangle(988) : 0.019063507656535046067, 25174.000000000000000, 4599.0000000000000000, 0.000000, 1.3996935973061132652, 18392
Rectangle(989) : 0.019099246656984164732, 25135.000000000000000, 4592.0000000000000000, 0.000000, 1.4000592476673403085, 18364
Rectangle(990) : 0.019135055658283840097, 25096.000000000000000, 4585.0000000000000000, 0.000000, 1.4004252923302266075, 18336
Rectangle(991) : 0.019170934893713001183, 25057.000000000000000, 4577.0000000000000000, 0.000000, 1.4007917033773003735, 18304
Rectangle(992) : 0.019206884596525680290, 25018.000000000000000, 4570.0000000000000000, 0.000000, 1.4011584030065558412, 18276
Rectangle(993) : 0.019242904997956912036, 24979.000000000000000, 4563.0000000000000000, 0.000000, 1.4015253099398063158, 18248
Rectangle(994) : 0.019278996327070960089, 24940.000000000000000, 4556.0000000000000000, 0.000000, 1.4018927415176387319, 18220
Rectangle(995) : 0.019315158826730849373, 24901.000000000000000, 4549.0000000000000000, 0.000000, 1.4022602567180313600, 18192
Rectangle(996) : 0.019351392723229706100, 24862.000000000000000, 4542.0000000000000000, 0.000000, 1.4026281691389194199, 18164
Rectangle(997) : 0.019387698256539130902, 24823.000000000000000, 4534.0000000000000000, 0.000000, 1.4029964502126533768, 18132
Rectangle(998) : 0.019424075666610945484, 24784.000000000000000, 4527.0000000000000000, 0.000000, 1.4033650193478326451, 18104
Rectangle(999) : 0.019460525191277981985, 24745.000000000000000, 4520.0000000000000000, 0.000000, 1.4037337962928492406, 18076
Rectangle(1000) : 0.019497047066254455990, 24706.000000000000000, 4513.0000000000000000, 0.000000, 1.4041031038618405863, 18048
Rectangle(1001) : 0.019533641541437077239, 24667.000000000000000, 4506.0000000000000000, 0.000000, 1.4044724882300249538, 18020
Rectangle(1002) : 0.019570308849509806997, 24628.000000000000000, 4499.0000000000000000, 0.000000, 1.4048422760470059300, 17992
Rectangle(1003) : 0.019607049237525358643, 24589.000000000000000, 4492.0000000000000000, 0.000000, 1.4052125290506354712, 17964
Rectangle(1004) : 0.019643862956222769496, 24549.000000000000000, 4484.0000000000000000, 0.000000, 1.4055828768470497444, 17932
Rectangle(1005) : 0.019680751745047041350, 24510.000000000000000, 4477.0000000000000000, 0.000000, 1.4059535463474931479, 17904
Rectangle(1006) : 0.019717714354037147150, 24471.000000000000000, 4470.0000000000000000, 0.000000, 1.4063247525782537350, 17876
Rectangle(1007) : 0.019754751040424227929, 24432.000000000000000, 4463.0000000000000000, 0.000000, 1.4066960252087446786, 17848
Rectangle(1008) : 0.019791862043420656575, 24393.000000000000000, 4456.0000000000000000, 0.000000, 1.4070677109577804422, 17820
Rectangle(1009) : 0.019829047617600043302, 24353.000000000000000, 4448.0000000000000000, 0.000000, 1.4074397673662326544, 17788
Rectangle(1010) : 0.019866309547028295782, 24314.000000000000000, 4441.0000000000000000, 0.000000, 1.4078121182809696342, 17760
Rectangle(1011) : 0.019903646559378422032, 24275.000000000000000, 4434.0000000000000000, 0.000000, 1.4081846878778781353, 17732
Rectangle(1012) : 0.019941058904914070977, 24235.000000000000000, 4427.0000000000000000, 0.000000, 1.4085578004093350073, 17704
Rectangle(1013) : 0.019978548395337398190, 24196.000000000000000, 4420.0000000000000000, 0.000000, 1.4089309805979848602, 17676
Rectangle(1014) : 0.020016113735914269775, 24157.000000000000000, 4412.0000000000000000, 0.000000, 1.4093045647800771180, 17644
Rectangle(1015) : 0.020053755188279218945, 24117.000000000000000, 4405.0000000000000000, 0.000000, 1.4096785640349803815, 17616
Rectangle(1016) : 0.020091474579747269714, 24078.000000000000000, 4398.0000000000000000, 0.000000, 1.4100528271885890624, 17588
Rectangle(1017) : 0.020129270610447020069, 24039.000000000000000, 4391.0000000000000000, 0.000000, 1.4104273196314820367, 17560
Rectangle(1018) : 0.020167143538590099317, 23999.000000000000000, 4384.0000000000000000, 0.000000, 1.4108023613450001921, 17532
Rectangle(1019) : 0.020205095218299462215, 23960.000000000000000, 4376.0000000000000000, 0.000000, 1.4111775830240788077, 17500
Rectangle(1020) : 0.020243124332782937958, 23921.000000000000000, 4369.0000000000000000, 0.000000, 1.4115529614758693641, 17472
Rectangle(1021) : 0.020281231141088438120, 23881.000000000000000, 4362.0000000000000000, 0.000000, 1.4119288918629884963, 17444
Rectangle(1022) : 0.020319417519040072829, 23842.000000000000000, 4355.0000000000000000, 0.000000, 1.4123050710031859703, 17416
Rectangle(1023) : 0.020357682139080471536, 23802.000000000000000, 4347.0000000000000000, 0.000000, 1.4126815174951115221, 17384
Rectangle(1024) : 0.020396026879753318840, 23763.000000000000000, 4340.0000000000000000, 0.000000, 1.4130583524150649972, 17356
Rectangle(1025) : 0.020434450410133113689, 23723.000000000000000, 4333.0000000000000000, 0.000000, 1.4134356228950729969, 17328
Rectangle(1026) : 0.020472954630631999707, 23684.000000000000000, 4326.0000000000000000, 0.000000, 1.4138129490798314478, 17300
Rectangle(1027) : 0.020511538187002538106, 23644.000000000000000, 4319.0000000000000000, 0.000000, 1.4141908337054043550, 17272
Rectangle(1028) : 0.020550202999796710173, 23605.000000000000000, 4311.0000000000000000, 0.000000, 1.4145690478179507582, 17240
Rectangle(1029) : 0.020588947716925197814, 23565.000000000000000, 4304.0000000000000000, 0.000000, 1.4149473434221357252, 17212
Rectangle(1030) : 0.020627774253883489166, 23526.000000000000000, 4297.0000000000000000, 0.000000, 1.4153261344820196331, 17184
Rectangle(1031) : 0.020666681256114298468, 23486.000000000000000, 4290.0000000000000000, 0.000000, 1.4157053446593915178, 17156
Rectangle(1032) : 0.020705670668728595987, 23446.000000000000000, 4282.0000000000000000, 0.000000, 1.4160846974163270202, 17124
Rectangle(1033) : 0.020744742778999700952, 23407.000000000000000, 4275.0000000000000000, 0.000000, 1.4164643949292985026, 17096
Rectangle(1034) : 0.020783896211516866693, 23367.000000000000000, 4268.0000000000000000, 0.000000, 1.4168446593003756499, 17068
Rectangle(1035) : 0.020823132941062823626, 23327.000000000000000, 4261.0000000000000000, 0.000000, 1.4172249072550124536, 17040
Rectangle(1036) : 0.020862453252601170282, 23288.000000000000000, 4253.0000000000000000, 0.000000, 1.4176056359647883765, 17008
Rectangle(1037) : 0.020901855761874821449, 23248.000000000000000, 4246.0000000000000000, 0.000000, 1.4179868094975007867, 16980
Rectangle(1038) : 0.020941342462214528125, 23208.000000000000000, 4239.0000000000000000, 0.000000, 1.4183681732135529983, 16952
Rectangle(1039) : 0.020980913652028969395, 23169.000000000000000, 4231.0000000000000000, 0.000000, 1.4187498623766473292, 16920
Rectangle(1040) : 0.021020567925514085167, 23129.000000000000000, 4224.0000000000000000, 0.000000, 1.4191319449008831605, 16892
Rectangle(1041) : 0.021060307297942676250, 23089.000000000000000, 4217.0000000000000000, 0.000000, 1.4195144283601856545, 16864
Rectangle(1042) : 0.021100132081534871047, 23049.000000000000000, 4210.0000000000000000, 0.000000, 1.4198970146642818124, 16836
Rectangle(1043) : 0.021140042577203415531, 23010.000000000000000, 4202.0000000000000000, 0.000000, 1.4202800866732063862, 16804
Rectangle(1044) : 0.021180037365846318894, 22970.000000000000000, 4195.0000000000000000, 0.000000, 1.4206636728742543243, 16776
Rectangle(1045) : 0.021220118500930091394, 22930.000000000000000, 4188.0000000000000000, 0.000000, 1.4210471875814535029, 16748
Rectangle(1046) : 0.021260286280589116841, 22890.000000000000000, 4180.0000000000000000, 0.000000, 1.4214312227171120041, 16716
Rectangle(1047) : 0.021300541030380165858, 22850.000000000000000, 4173.0000000000000000, 0.000000, 1.4218157370214845884, 16688
Rectangle(1048) : 0.021340883075764038269, 22810.000000000000000, 4166.0000000000000000, 0.000000, 1.4222003918470647794, 16660
Rectangle(1049) : 0.021381312729067285300, 22771.000000000000000, 4159.0000000000000000, 0.000000, 1.4225854084135272506, 16632
Rectangle(1050) : 0.021421828534627582487, 22731.000000000000000, 4151.0000000000000000, 0.000000, 1.4229708329105677740, 16600
Rectangle(1051) : 0.021462432592210203919, 22691.000000000000000, 4144.0000000000000000, 0.000000, 1.4233566150740310780, 16572
Rectangle(1052) : 0.021503125228721333049, 22651.000000000000000, 4137.0000000000000000, 0.000000, 1.4237425411219787604, 16544
Rectangle(1053) : 0.021543906763360950671, 22611.000000000000000, 4129.0000000000000000, 0.000000, 1.4241289480901337299, 16512
Rectangle(1054) : 0.021584777531928910236, 22571.000000000000000, 4122.0000000000000000, 0.000000, 1.4245158786344607636, 16484
Rectangle(1055) : 0.021625737873900221245, 22531.000000000000000, 4115.0000000000000000, 0.000000, 1.4249027306076799173, 16456
Rectangle(1056) : 0.021666788103832655665, 22491.000000000000000, 4107.0000000000000000, 0.000000, 1.4252901208076255033, 16424
Rectangle(1057) : 0.021707928565386505004, 22451.000000000000000, 4100.0000000000000000, 0.000000, 1.4256780107837365886, 16396
Rectangle(1058) : 0.021749159602346272346, 22411.000000000000000, 4093.0000000000000000, 0.000000, 1.4260659812017441874, 16368
Rectangle(1059) : 0.021790481541626168120, 22371.000000000000000, 4085.0000000000000000, 0.000000, 1.4264543553171572941, 16336
Rectangle(1060) : 0.021831894726343755948, 22331.000000000000000, 4078.0000000000000000, 0.000000, 1.4268431747618688651, 16308
Rectangle(1061) : 0.021873399503324718236, 22291.000000000000000, 4071.0000000000000000, 0.000000, 1.4272322971337657675, 16280
Rectangle(1062) : 0.021914996214873494234, 22251.000000000000000, 4063.0000000000000000, 0.000000, 1.4276216557686818495, 16248
Rectangle(1063) : 0.021956685202144568876, 22211.000000000000000, 4056.0000000000000000, 0.000000, 1.4280114039956324067, 16220
Rectangle(1064) : 0.021998466815038883963, 22170.000000000000000, 4049.0000000000000000, 0.000000, 1.4284016824720324495, 16192
Rectangle(1065) : 0.022040343300490937750, 22130.000000000000000, 4041.0000000000000000, 0.000000, 1.4287920437434150456, 16160
Rectangle(1066) : 0.022082313117198728759, 22090.000000000000000, 4034.0000000000000000, 0.000000, 1.4291827375773214174, 16132
Rectangle(1067) : 0.022124376618220789484, 22050.000000000000000, 4027.0000000000000000, 0.000000, 1.4295740545520802340, 16104
Rectangle(1068) : 0.022166534171715214892, 22010.000000000000000, 4019.0000000000000000, 0.000000, 1.4299655407588991399, 16072
Rectangle(1069) : 0.022208786127224478824, 21970.000000000000000, 4012.0000000000000000, 0.000000, 1.4303571617304532789, 16044
Rectangle(1070) : 0.022251132834631417981, 21929.000000000000000, 4005.0000000000000000, 0.000000, 1.4307494089927198132, 16016
Rectangle(1071) : 0.022293576603567197990, 21889.000000000000000, 3997.0000000000000000, 0.000000, 1.4311420152519657704, 15984
Rectangle(1072) : 0.022336115870562125386, 21849.000000000000000, 3990.0000000000000000, 0.000000, 1.4315346980758000743, 15956
Rectangle(1073) : 0.022378750988786108180, 21809.000000000000000, 3982.0000000000000000, 0.000000, 1.4319278547787226141, 15924
Rectangle(1074) : 0.022421482331570221281, 21768.000000000000000, 3975.0000000000000000, 0.000000, 1.4323214869798884984, 15896
Rectangle(1075) : 0.022464312241850444016, 21728.000000000000000, 3968.0000000000000000, 0.000000, 1.4327153502317086385, 15868
Rectangle(1076) : 0.022507239126526056527, 21688.000000000000000, 3960.0000000000000000, 0.000000, 1.4331095125429854714, 15836
Rectangle(1077) : 0.022550263357093328081, 21647.000000000000000, 3953.0000000000000000, 0.000000, 1.4335040919387088006, 15808
Rectangle(1078) : 0.022593387304612093213, 21607.000000000000000, 3946.0000000000000000, 0.000000, 1.4338991399421679923, 15780
Rectangle(1079) : 0.022636609368755295323, 21567.000000000000000, 3938.0000000000000000, 0.000000, 1.4342943082073265284, 15748
Rectangle(1080) : 0.022679929919050066340, 21526.000000000000000, 3931.0000000000000000, 0.000000, 1.4346898336771530032, 15720
Rectangle(1081) : 0.022723351355158825654, 21486.000000000000000, 3923.0000000000000000, 0.000000, 1.4350858337730017386, 15688
Rectangle(1082) : 0.022766872058583055466, 21446.000000000000000, 3916.0000000000000000, 0.000000, 1.4354822451529962927, 15660
Rectangle(1083) : 0.022810492418797221105, 21405.000000000000000, 3909.0000000000000000, 0.000000, 1.4358787154300075747, 15632
Rectangle(1084) : 0.022854214853528826224, 21365.000000000000000, 3901.0000000000000000, 0.000000, 1.4362757230569579078, 15600
Rectangle(1085) : 0.022898037728467134575, 21324.000000000000000, 3894.0000000000000000, 0.000000, 1.4366733007168887394, 15572
Rectangle(1086) : 0.022941963506966332133, 21284.000000000000000, 3886.0000000000000000, 0.000000, 1.4370708994801636279, 15540
Rectangle(1087) : 0.022985990517842115051, 21243.000000000000000, 3879.0000000000000000, 0.000000, 1.4374687742372392374, 15512
Rectangle(1088) : 0.023030121232629915232, 21203.000000000000000, 3871.0000000000000000, 0.000000, 1.4378671831628127492, 15480
Rectangle(1089) : 0.023074353991350983607, 21162.000000000000000, 3864.0000000000000000, 0.000000, 1.4382661725675874469, 15452
Rectangle(1090) : 0.023118691302217989913, 21122.000000000000000, 3857.0000000000000000, 0.000000, 1.4386650089265067906, 15424
Rectangle(1091) : 0.023163131459822691494, 21081.000000000000000, 3849.0000000000000000, 0.000000, 1.4390644257754692783, 15392
Rectangle(1092) : 0.023207676994938457789, 21041.000000000000000, 3842.0000000000000000, 0.000000, 1.4394643816662509343, 15364
Rectangle(1093) : 0.023252326221765426609, 21000.000000000000000, 3834.0000000000000000, 0.000000, 1.4398646132493260514, 15332
Rectangle(1094) : 0.023297081679539204040, 20959.000000000000000, 3827.0000000000000000, 0.000000, 1.4402648549317409999, 15304
Rectangle(1095) : 0.023341943784359650674, 20919.000000000000000, 3819.0000000000000000, 0.000000, 1.4406656936027128535, 15272
Rectangle(1096) : 0.023386910833147963349, 20878.000000000000000, 3812.0000000000000000, 0.000000, 1.4410670625748295915, 15244
Rectangle(1097) : 0.023431985412253951930, 20837.000000000000000, 3805.0000000000000000, 0.000000, 1.4414684922622126080, 15216
Rectangle(1098) : 0.023477167947756289724, 20797.000000000000000, 3797.0000000000000000, 0.000000, 1.4418703580361152731, 15184
Rectangle(1099) : 0.023522456708540831498, 20756.000000000000000, 3790.0000000000000000, 0.000000, 1.4422726905895158931, 15156
Rectangle(1100) : 0.023567854313599104570, 20715.000000000000000, 3782.0000000000000000, 0.000000, 1.4426754028728612016, 15124
Rectangle(1101) : 0.023613361212120604025, 20675.000000000000000, 3775.0000000000000000, 0.000000, 1.4430782332179126464, 15096
Rectangle(1102) : 0.023658975636943719509, 20634.000000000000000, 3767.0000000000000000, 0.000000, 1.4434815026418335133, 15064
Rectangle(1103) : 0.023704700242092591929, 20593.000000000000000, 3760.0000000000000000, 0.000000, 1.4438852676579852508, 15036
Rectangle(1104) : 0.023750535490364236918, 20552.000000000000000, 3752.0000000000000000, 0.000000, 1.4442894058270527297, 15004
Rectangle(1105) : 0.023796481841367888764, 20511.000000000000000, 3745.0000000000000000, 0.000000, 1.4446936371455382282, 14976
Rectangle(1106) : 0.023842539743817576162, 20471.000000000000000, 3737.0000000000000000, 0.000000, 1.4450983499331454073, 14944
Rectangle(1107) : 0.023888707412711775049, 20430.000000000000000, 3730.0000000000000000, 0.000000, 1.4455035482328633292, 14916
Rectangle(1108) : 0.023934987566810299930, 20389.000000000000000, 3723.0000000000000000, 0.000000, 1.4459090058292569697, 14888
Rectangle(1109) : 0.023981380671220975146, 20348.000000000000000, 3715.0000000000000000, 0.000000, 1.4463147451691434888, 14856
Rectangle(1110) : 0.024027887194966264289, 20307.000000000000000, 3708.0000000000000000, 0.000000, 1.4467209223368464158, 14828
Rectangle(1111) : 0.024074507617595744095, 20266.000000000000000, 3700.0000000000000000, 0.000000, 1.4471275343593284445, 14796
Rectangle(1112) : 0.024121242421422810533, 20225.000000000000000, 3693.0000000000000000, 0.000000, 1.4475344158942922411, 14768
Rectangle(1113) : 0.024168092083518943648, 20185.000000000000000, 3685.0000000000000000, 0.000000, 1.4479415990527754881, 14736
Rectangle(1114) : 0.024215054758725917910, 20144.000000000000000, 3678.0000000000000000, 0.000000, 1.4483492084020189649, 14708
Rectangle(1115) : 0.024262133253980188113, 20103.000000000000000, 3670.0000000000000000, 0.000000, 1.4487572467482726537, 14676
Rectangle(1116) : 0.024309328063050887643, 20062.000000000000000, 3663.0000000000000000, 0.000000, 1.4491655320998021471, 14648
Rectangle(1117) : 0.024356639673662980263, 20021.000000000000000, 3655.0000000000000000, 0.000000, 1.4495741390440906279, 14616
Rectangle(1118) : 0.024404068580263254507, 19980.000000000000000, 3648.0000000000000000, 0.000000, 1.4499832008683113810, 14588
Rectangle(1119) : 0.024451615287013420242, 19939.000000000000000, 3640.0000000000000000, 0.000000, 1.4503926857488109346, 14556
Rectangle(1120) : 0.024499280299589216968, 19898.000000000000000, 3633.0000000000000000, 0.000000, 1.4508023949183762869, 14528
Rectangle(1121) : 0.024547064116802925697, 19856.000000000000000, 3625.0000000000000000, 0.000000, 1.4512124457158168199, 14496
Rectangle(1122) : 0.024594969658992481339, 19815.000000000000000, 3618.0000000000000000, 0.000000, 1.4516229805933344300, 14468
Rectangle(1123) : 0.024642995042822576440, 19774.000000000000000, 3610.0000000000000000, 0.000000, 1.4520339325168164234, 14436
Rectangle(1124) : 0.024691140786350280315, 19733.000000000000000, 3602.0000000000000000, 0.000000, 1.4524452857473672606, 14404
Rectangle(1125) : 0.024739407410064229905, 19692.000000000000000, 3595.0000000000000000, 0.000000, 1.4528566009446438423, 14376
Rectangle(1126) : 0.024787795415393533371, 19651.000000000000000, 3587.0000000000000000, 0.000000, 1.4532685160040953222, 14344
Rectangle(1127) : 0.024836305339367076464, 19610.000000000000000, 3580.0000000000000000, 0.000000, 1.4536809857684913089, 14316
Rectangle(1128) : 0.024884937720079391166, 19569.000000000000000, 3572.0000000000000000, 0.000000, 1.4540937854104245683, 14284
Rectangle(1129) : 0.024933693087518219137, 19527.000000000000000, 3565.0000000000000000, 0.000000, 1.4545065199991682476, 14256
Rectangle(1130) : 0.024982574457928377802, 19486.000000000000000, 3557.0000000000000000, 0.000000, 1.4549198994190010813, 14224
Rectangle(1131) : 0.025031579892569607458, 19445.000000000000000, 3550.0000000000000000, 0.000000, 1.4553338434437459440, 14196
Rectangle(1132) : 0.025080709943659540394, 19404.000000000000000, 3542.0000000000000000, 0.000000, 1.4557481097397733315, 14164
Rectangle(1133) : 0.025129965154427411623, 19362.000000000000000, 3535.0000000000000000, 0.000000, 1.4561622839493338713, 14136
Rectangle(1134) : 0.025179348600556392817, 19321.000000000000000, 3527.0000000000000000, 0.000000, 1.4565771269026556099, 14104
Rectangle(1135) : 0.025228858311591155801, 19280.000000000000000, 3519.0000000000000000, 0.000000, 1.4569923711142983261, 14072
Rectangle(1136) : 0.025278494845362644303, 19238.000000000000000, 3512.0000000000000000, 0.000000, 1.4574082547971303700, 14044
Rectangle(1137) : 0.025328261362401688402, 19197.000000000000000, 3504.0000000000000000, 0.000000, 1.4578240747015399231, 14012
Rectangle(1138) : 0.025378155828969461487, 19156.000000000000000, 3497.0000000000000000, 0.000000, 1.4582402159828937646, 13984
Rectangle(1139) : 0.025428178809549065463, 19114.000000000000000, 3489.0000000000000000, 0.000000, 1.4586569227073882716, 13952
Rectangle(1140) : 0.025478333508864090485, 19073.000000000000000, 3482.0000000000000000, 0.000000, 1.4590742778830805410, 13924
Rectangle(1141) : 0.025528617904495772997, 19032.000000000000000, 3474.0000000000000000, 0.000000, 1.4594915567650132756, 13892
Rectangle(1142) : 0.025579032551236263396, 18990.000000000000000, 3466.0000000000000000, 0.000000, 1.4599092360330939166, 13860
Rectangle(1143) : 0.025629580694260649595, 18949.000000000000000, 3459.0000000000000000, 0.000000, 1.4603273508973391228, 13832
Rectangle(1144) : 0.025680260273705334756, 18907.000000000000000, 3451.0000000000000000, 0.000000, 1.4607459424321723637, 13800
Rectangle(1145) : 0.025731074572241970519, 18866.000000000000000, 3444.0000000000000000, 0.000000, 1.4611649127850703527, 13772
Rectangle(1146) : 0.025782021509207149696, 18824.000000000000000, 3436.0000000000000000, 0.000000, 1.4615840711882348500, 13740
Rectangle(1147) : 0.025833104385917106923, 18783.000000000000000, 3429.0000000000000000, 0.000000, 1.4620036710186379270, 13712
Rectangle(1148) : 0.025884321106942429711, 18741.000000000000000, 3421.0000000000000000, 0.000000, 1.4624237436141573610, 13680
Rectangle(1149) : 0.025935675023148296920, 18700.000000000000000, 3413.0000000000000000, 0.000000, 1.4628442411290882794, 13648
Rectangle(1150) : 0.025987164020000119823, 18658.000000000000000, 3406.0000000000000000, 0.000000, 1.4632648151245385885, 13620
Rectangle(1151) : 0.026038791462122777052, 18617.000000000000000, 3398.0000000000000000, 0.000000, 1.4636858738367553018, 13588
Rectangle(1152) : 0.026090555219647445651, 18575.000000000000000, 3391.0000000000000000, 0.000000, 1.4641074486597738130, 13560
Rectangle(1153) : 0.026142458716210555951, 18533.000000000000000, 3383.0000000000000000, 0.000000, 1.4645294250940276206, 13528
Rectangle(1154) : 0.026194502606843158747, 18492.000000000000000, 3375.0000000000000000, 0.000000, 1.4649517353491466367, 13496
Rectangle(1155) : 0.026246684725345708316, 18450.000000000000000, 3368.0000000000000000, 0.000000, 1.4653740149139965662, 13468
Rectangle(1156) : 0.026299008520191995393, 18409.000000000000000, 3360.0000000000000000, 0.000000, 1.4657969719349414642, 13436
Rectangle(1157) : 0.026351471824659100693, 18367.000000000000000, 3352.0000000000000000, 0.000000, 1.4662203303021515982, 13404
Rectangle(1158) : 0.026404078147428314587, 18325.000000000000000, 3345.0000000000000000, 0.000000, 1.4666443151833925273, 13376
Rectangle(1159) : 0.026456828178270518818, 18283.000000000000000, 3337.0000000000000000, 0.000000, 1.4670682498079547842, 13344
Rectangle(1160) : 0.026509722574693860435, 18242.000000000000000, 3329.0000000000000000, 0.000000, 1.4674926073916640987, 13312
Rectangle(1161) : 0.026562759117144889055, 18200.000000000000000, 3322.0000000000000000, 0.000000, 1.4679173914614023093, 13284
Rectangle(1162) : 0.026615941391401010061, 18158.000000000000000, 3314.0000000000000000, 0.000000, 1.4683426684784739136, 13252
Rectangle(1163) : 0.026669270098773984723, 18116.000000000000000, 3307.0000000000000000, 0.000000, 1.4687682889826434604, 13224
Rectangle(1164) : 0.026722745937203143669, 18075.000000000000000, 3299.0000000000000000, 0.000000, 1.4691941357058578499, 13192
Rectangle(1165) : 0.026776366636274007174, 18033.000000000000000, 3291.0000000000000000, 0.000000, 1.4696203820795692025, 13160
Rectangle(1166) : 0.026830135858371249408, 17991.000000000000000, 3284.0000000000000000, 0.000000, 1.4700471786700438515, 13132
Rectangle(1167) : 0.026884054327531943302, 17949.000000000000000, 3276.0000000000000000, 0.000000, 1.4704743707880212302, 13100
Rectangle(1168) : 0.026938122764257555940, 17907.000000000000000, 3268.0000000000000000, 0.000000, 1.4709018840557840839, 13068
Rectangle(1169) : 0.026992341889965702702, 17865.000000000000000, 3261.0000000000000000, 0.000000, 1.4713293680336560431, 13040
Rectangle(1170) : 0.027046712411546092070, 17823.000000000000000, 3253.0000000000000000, 0.000000, 1.4717575460016577648, 13008
Rectangle(1171) : 0.027101235081467073822, 17781.000000000000000, 3245.0000000000000000, 0.000000, 1.4721861476067551655, 12976
Rectangle(1172) : 0.027155910642324548382, 17740.000000000000000, 3238.0000000000000000, 0.000000, 1.4726153947938709176, 12948
Rectangle(1173) : 0.027210736763789817318, 17698.000000000000000, 3230.0000000000000000, 0.000000, 1.4730445306717424228, 12916
Rectangle(1174) : 0.027265717243542995215, 17656.000000000000000, 3222.0000000000000000, 0.000000, 1.4734740883430248400, 12884
Rectangle(1175) : 0.027320852839846972607, 17614.000000000000000, 3215.0000000000000000, 0.000000, 1.4739040917933735638, 12856
Rectangle(1176) : 0.027376144317750536452, 17572.000000000000000, 3207.0000000000000000, 0.000000, 1.4743345956612698430, 12824
Rectangle(1177) : 0.027431592450897660846, 17530.000000000000000, 3199.0000000000000000, 0.000000, 1.4747655233130153929, 12792
Rectangle(1178) : 0.027487198014121449516, 17488.000000000000000, 3191.0000000000000000, 0.000000, 1.4751968042137404508, 12760
Rectangle(1179) : 0.027542961783804302927, 17445.000000000000000, 3184.0000000000000000, 0.000000, 1.4756279846064357198, 12732
Rectangle(1180) : 0.027598887721586271154, 17403.000000000000000, 3176.0000000000000000, 0.000000, 1.4760599067085611699, 12700
Rectangle(1181) : 0.027654973448570616449, 17361.000000000000000, 3168.0000000000000000, 0.000000, 1.4764922509091021175, 12668
Rectangle(1182) : 0.027711219762199387955, 17319.000000000000000, 3161.0000000000000000, 0.000000, 1.4769252891268833826, 12640
Rectangle(1183) : 0.027767627481416830266, 17277.000000000000000, 3153.0000000000000000, 0.000000, 1.4773581764098381522, 12608
Rectangle(1184) : 0.027824197382233513611, 17235.000000000000000, 3145.0000000000000000, 0.000000, 1.4777914836016324341, 12576
Rectangle(1185) : 0.027880930279454380013, 17193.000000000000000, 3138.0000000000000000, 0.000000, 1.4782252198789550032, 12548
Rectangle(1186) : 0.027937826994389467258, 17151.000000000000000, 3130.0000000000000000, 0.000000, 1.4786594737744127099, 12516
Rectangle(1187) : 0.027994888359544526013, 17108.000000000000000, 3122.0000000000000000, 0.000000, 1.4790941493688749431, 12484
Rectangle(1188) : 0.028052118552984371404, 17066.000000000000000, 3114.0000000000000000, 0.000000, 1.4795292723121918963, 12452
Rectangle(1189) : 0.028109515088336076074, 17024.000000000000000, 3107.0000000000000000, 0.000000, 1.4799641738711441909, 12424
Rectangle(1190) : 0.028167078773361401743, 16982.000000000000000, 3099.0000000000000000, 0.000000, 1.4803998252205701945, 12392
Rectangle(1191) : 0.028224810479003880261, 16939.000000000000000, 3091.0000000000000000, 0.000000, 1.4808358960626848328, 12360
Rectangle(1192) : 0.028282714481368995370, 16897.000000000000000, 3083.0000000000000000, 0.000000, 1.4812724123294043543, 12328
Rectangle(1193) : 0.028340788246672268398, 16855.000000000000000, 3076.0000000000000000, 0.000000, 1.4817093878320801916, 12300
Rectangle(1194) : 0.028399032648204874758, 16812.000000000000000, 3068.0000000000000000, 0.000000, 1.4821464265948552724, 12268
Rectangle(1195) : 0.028457452016905496651, 16770.000000000000000, 3060.0000000000000000, 0.000000, 1.4825839083944911698, 12236
Rectangle(1196) : 0.028516043782462711390, 16728.000000000000000, 3052.0000000000000000, 0.000000, 1.4830218074229054913, 12204
Rectangle(1197) : 0.028574808835512861168, 16685.000000000000000, 3045.0000000000000000, 0.000000, 1.4834603292311013815, 12176
Rectangle(1198) : 0.028633751618205765057, 16643.000000000000000, 3037.0000000000000000, 0.000000, 1.4838992025291586934, 12144
Rectangle(1199) : 0.028692869517774902754, 16600.000000000000000, 3029.0000000000000000, 0.000000, 1.4843381782421571651, 12112
Rectangle(1200) : 0.028752166998391900174, 16558.000000000000000, 3021.0000000000000000, 0.000000, 1.4847774750950222476, 12080
Rectangle(1201) : 0.028811641420127316422, 16516.000000000000000, 3014.0000000000000000, 0.000000, 1.4852171406280719966, 12052
Rectangle(1202) : 0.028871293705222259023, 16473.000000000000000, 3006.0000000000000000, 0.000000, 1.4856573804248564958, 12020
Rectangle(1203) : 0.028931128427520860158, 16431.000000000000000, 2998.0000000000000000, 0.000000, 1.4860980628351089747, 11988
Rectangle(1204) : 0.028991142916160328783, 16388.000000000000000, 2990.0000000000000000, 0.000000, 1.4865391612427235414, 11956
Rectangle(1205) : 0.029051341791022589190, 16346.000000000000000, 2983.0000000000000000, 0.000000, 1.4869801881267360366, 11928
Rectangle(1206) : 0.029111722323760062335, 16303.000000000000000, 2975.0000000000000000, 0.000000, 1.4874218085267297941, 11896
Rectangle(1207) : 0.029172289201544931978, 16260.000000000000000, 2967.0000000000000000, 0.000000, 1.4878638687460533956, 11864
Rectangle(1208) : 0.029233043437015168964, 16218.000000000000000, 2959.0000000000000000, 0.000000, 1.4883063689315870726, 11832
Rectangle(1209) : 0.029293982293158441074, 16175.000000000000000, 2951.0000000000000000, 0.000000, 1.4887492819353602021, 11800
Rectangle(1210) : 0.029355110533154444796, 16133.000000000000000, 2944.0000000000000000, 0.000000, 1.4891925550129830383, 11772
Rectangle(1211) : 0.029416425388110930449, 16090.000000000000000, 2936.0000000000000000, 0.000000, 1.4896359795075199241, 11740
Rectangle(1212) : 0.029477931664028116274, 16047.000000000000000, 2928.0000000000000000, 0.000000, 1.4900798408149721649, 11708
Rectangle(1213) : 0.029539630414001006669, 16005.000000000000000, 2920.0000000000000000, 0.000000, 1.4905241390066390637, 11676
Rectangle(1214) : 0.029601518832558122511, 15962.000000000000000, 2912.0000000000000000, 0.000000, 1.4909688463855702138, 11644
Rectangle(1215) : 0.029663601832582278019, 15919.000000000000000, 2905.0000000000000000, 0.000000, 1.4914143738010058662, 11616
Rectangle(1216) : 0.029725880516783610130, 15877.000000000000000, 2897.0000000000000000, 0.000000, 1.4918596169451321417, 11584
Rectangle(1217) : 0.029788351992310796131, 15834.000000000000000, 2889.0000000000000000, 0.000000, 1.4923052578741993919, 11552
Rectangle(1218) : 0.029851021264628226937, 15791.000000000000000, 2881.0000000000000000, 0.000000, 1.4927513321383842757, 11520
Rectangle(1219) : 0.029913889438406859340, 15748.000000000000000, 2873.0000000000000000, 0.000000, 1.4931978397163460932, 11488
Rectangle(1220) : 0.029976957627365225234, 15706.000000000000000, 2865.0000000000000000, 0.000000, 1.4936447805764191238, 11456
Rectangle(1221) : 0.030040222926013921218, 15663.000000000000000, 2858.0000000000000000, 0.000000, 1.4940924723291947800, 11428
Rectangle(1222) : 0.030103690491124640415, 15620.000000000000000, 2850.0000000000000000, 0.000000, 1.4945401023297069808, 11396
Rectangle(1223) : 0.030167361432374941758, 15577.000000000000000, 2842.0000000000000000, 0.000000, 1.4949879570122162331, 11364
Rectangle(1224) : 0.030231236887020394428, 15534.000000000000000, 2834.0000000000000000, 0.000000, 1.4954362409254308298, 11332
Rectangle(1225) : 0.030295318014928559152, 15491.000000000000000, 2826.0000000000000000, 0.000000, 1.4958849539449112765, 11300
Rectangle(1226) : 0.030359605985617663230, 15448.000000000000000, 2818.0000000000000000, 0.000000, 1.4963340959342277947, 11268
Rectangle(1227) : 0.030424101978363276112, 15405.000000000000000, 2811.0000000000000000, 0.000000, 1.4967839657175675621, 11240
Rectangle(1228) : 0.030488807201713978323, 15362.000000000000000, 2803.0000000000000000, 0.000000, 1.4972340472477044009, 11208
Rectangle(1229) : 0.030553722840774498073, 15320.000000000000000, 2795.0000000000000000, 0.000000, 1.4976841102647768242, 11176
Rectangle(1230) : 0.030618845824473243297, 15277.000000000000000, 2787.0000000000000000, 0.000000, 1.4981345683516272477, 11144
Rectangle(1231) : 0.030684181595131856064, 15234.000000000000000, 2779.0000000000000000, 0.000000, 1.4985854505744031119, 11112
Rectangle(1232) : 0.030749731381830976657, 15191.000000000000000, 2771.0000000000000000, 0.000000, 1.4990367566800428364, 11080
Rectangle(1233) : 0.030815496424071779951, 15148.000000000000000, 2763.0000000000000000, 0.000000, 1.4994884864013708975, 11048
Rectangle(1234) : 0.030881477971893365038, 15104.000000000000000, 2756.0000000000000000, 0.000000, 1.4999410125315372994, 11020
Rectangle(1235) : 0.030947681693591692454, 15061.000000000000000, 2748.0000000000000000, 0.000000, 1.5003934732204738959, 10988
Rectangle(1236) : 0.031014104472505474666, 15018.000000000000000, 2740.0000000000000000, 0.000000, 1.5008461254640763419, 10956
Rectangle(1237) : 0.031080747575812444725, 14975.000000000000000, 2732.0000000000000000, 0.000000, 1.5012991961591011106, 10924
Rectangle(1238) : 0.031147612296757960659, 14932.000000000000000, 2724.0000000000000000, 0.000000, 1.5017526849228523304, 10892
Rectangle(1239) : 0.031214699939734310266, 14889.000000000000000, 2716.0000000000000000, 0.000000, 1.5022065913563910068, 10860
Rectangle(1240) : 0.031282011820408391198, 14846.000000000000000, 2708.0000000000000000, 0.000000, 1.5026609150442328229, 10828
Rectangle(1241) : 0.031349549265851219760, 14803.000000000000000, 2700.0000000000000000, 0.000000, 1.5031156555540400133, 10796
Rectangle(1242) : 0.031417313614669299880, 14759.000000000000000, 2692.0000000000000000, 0.000000, 1.5035708124363071798, 10764
Rectangle(1243) : 0.031485310823994884755, 14716.000000000000000, 2685.0000000000000000, 0.000000, 1.5040261233192688025, 10736
Rectangle(1244) : 0.031553537660317205277, 14673.000000000000000, 2677.0000000000000000, 0.000000, 1.5044817499545131449, 10704
Rectangle(1245) : 0.031621995491023571606, 14630.000000000000000, 2669.0000000000000000, 0.000000, 1.5049377873692942368, 10672
Rectangle(1246) : 0.031690685702053598554, 14586.000000000000000, 2661.0000000000000000, 0.000000, 1.5053942349991175490, 10640
Rectangle(1247) : 0.031759614416917105858, 14543.000000000000000, 2653.0000000000000000, 0.000000, 1.5058511235468750577, 10608
Rectangle(1248) : 0.031828778353075180194, 14500.000000000000000, 2645.0000000000000000, 0.000000, 1.5063084211846195348, 10576
Rectangle(1249) : 0.031898178933846533265, 14457.000000000000000, 2637.0000000000000000, 0.000000, 1.5067661272888177762, 10544
Rectangle(1250) : 0.031967817595207038057, 14413.000000000000000, 2629.0000000000000000, 0.000000, 1.5072242412155067332, 10512
Rectangle(1251) : 0.032037700634214566450, 14370.000000000000000, 2621.0000000000000000, 0.000000, 1.5076823460663188945, 10480
Rectangle(1252) : 0.032107824666647852386, 14326.000000000000000, 2613.0000000000000000, 0.000000, 1.5081407568132277391, 10448
Rectangle(1253) : 0.032178196072260949394, 14283.000000000000000, 2605.0000000000000000, 0.000000, 1.5085995994098778943, 10416
Rectangle(1254) : 0.032248811461143528537, 14240.000000000000000, 2597.0000000000000000, 0.000000, 1.5090588411481051750, 10384
Rectangle(1255) : 0.032319672334819659518, 14196.000000000000000, 2589.0000000000000000, 0.000000, 1.5095184812132322064, 10352
Rectangle(1256) : 0.032390785217407235751, 14153.000000000000000, 2581.0000000000000000, 0.000000, 1.5099785511349044072, 10320
Rectangle(1257) : 0.032462146663823889776, 14109.000000000000000, 2574.0000000000000000, 0.000000, 1.5104395156357604670, 10292
Rectangle(1258) : 0.032533763328054930988, 14066.000000000000000, 2566.0000000000000000, 0.000000, 1.5109000151731345815, 10260
Rectangle(1259) : 0.032605631664125820692, 14022.000000000000000, 2558.0000000000000000, 0.000000, 1.5113608913434932815, 10228
Rectangle(1260) : 0.032677758385802007633, 13979.000000000000000, 2550.0000000000000000, 0.000000, 1.5118221898961412840, 10196
Rectangle(1261) : 0.032750139971744932112, 13935.000000000000000, 2542.0000000000000000, 0.000000, 1.5122838770395357199, 10164
Rectangle(1262) : 0.032822783235256918887, 13892.000000000000000, 2534.0000000000000000, 0.000000, 1.5127459848534249436, 10132
Rectangle(1263) : 0.032895684616257021460, 13848.000000000000000, 2526.0000000000000000, 0.000000, 1.5132084792222145439, 10100
Rectangle(1264) : 0.032968851028679191777, 13805.000000000000000, 2518.0000000000000000, 0.000000, 1.5136713924438902819, 10068
Rectangle(1265) : 0.033042278873115547465, 13761.000000000000000, 2510.0000000000000000, 0.000000, 1.5141346900733752892, 10036
Rectangle(1266) : 0.033115975166268179926, 13717.000000000000000, 2502.0000000000000000, 0.000000, 1.5145984046282115529, 10004
Rectangle(1267) : 0.033189941660736956740, 13674.000000000000000, 2494.0000000000000000, 0.000000, 1.5150622389761779485, 9972
Rectangle(1268) : 0.033264174675142118210, 13630.000000000000000, 2486.0000000000000000, 0.000000, 1.5155261666308687788, 9940
Rectangle(1269) : 0.033338681363816429933, 13586.000000000000000, 2478.0000000000000000, 0.000000, 1.5159905016487634320, 9908
Rectangle(1270) : 0.033413463529402236162, 13543.000000000000000, 2470.0000000000000000, 0.000000, 1.5164552429001549195, 9876
Rectangle(1271) : 0.033488517449722708356, 13499.000000000000000, 2462.0000000000000000, 0.000000, 1.5169203549279812541, 9844
Rectangle(1272) : 0.033563850463644330791, 13455.000000000000000, 2454.0000000000000000, 0.000000, 1.5173858707664920467, 9812
Rectangle(1273) : 0.033639464426540391144, 13411.000000000000000, 2446.0000000000000000, 0.000000, 1.5178517891895575115, 9780
Rectangle(1274) : 0.033715361211954570363, 13368.000000000000000, 2438.0000000000000000, 0.000000, 1.5183181089376343905, 9748
Rectangle(1275) : 0.033791537013042065455, 13324.000000000000000, 2430.0000000000000000, 0.000000, 1.5187847938376854535, 9716
Rectangle(1276) : 0.033867999396248136114, 13280.000000000000000, 2422.0000000000000000, 0.000000, 1.5192518773718821101, 9684
Rectangle(1277) : 0.033944750290628548923, 13236.000000000000000, 2414.0000000000000000, 0.000000, 1.5197188851259042366, 9652
Rectangle(1278) : 0.034021791608634434707, 13192.000000000000000, 2406.0000000000000000, 0.000000, 1.5201861536395167443, 9620
Rectangle(1279) : 0.034099125307363931125, 13148.000000000000000, 2398.0000000000000000, 0.000000, 1.5206538097969010931, 9588
Rectangle(1280) : 0.034176753373214014871, 13104.000000000000000, 2390.0000000000000000, 0.000000, 1.5211218520519540328, 9556
Rectangle(1281) : 0.034254677812473168873, 13061.000000000000000, 2382.0000000000000000, 0.000000, 1.5215902788194731720, 9524
Rectangle(1282) : 0.034332894662547395438, 13017.000000000000000, 2374.0000000000000000, 0.000000, 1.5220590526305195026, 9492
Rectangle(1283) : 0.034411411913268031491, 12973.000000000000000, 2366.0000000000000000, 0.000000, 1.5225282075948916190, 9460
Rectangle(1284) : 0.034490231631729057593, 12929.000000000000000, 2358.0000000000000000, 0.000000, 1.5229977420055490498, 9428
Rectangle(1285) : 0.034569355905996638152, 12885.000000000000000, 2350.0000000000000000, 0.000000, 1.5234676541131940475, 9396
Rectangle(1286) : 0.034648786845392307073, 12841.000000000000000, 2342.0000000000000000, 0.000000, 1.5239379421254376440, 9364
Rectangle(1287) : 0.034728526580780940174, 12797.000000000000000, 2334.0000000000000000, 0.000000, 1.5244081366404642037, 9332
Rectangle(1288) : 0.034808577228326494929, 12753.000000000000000, 2325.0000000000000000, 0.000000, 1.5248787236772059405, 9296
Rectangle(1289) : 0.034888940964206460893, 12709.000000000000000, 2317.0000000000000000, 0.000000, 1.5253499309809521486, 9264
Rectangle(1290) : 0.034969620005120848504, 12665.000000000000000, 2309.0000000000000000, 0.000000, 1.5258208965073808008, 9232
Rectangle(1291) : 0.035050616522807968978, 12620.000000000000000, 2301.0000000000000000, 0.000000, 1.5262922192113400595, 9200
Rectangle(1292) : 0.035131939202618693230, 12576.000000000000000, 2293.0000000000000000, 0.000000, 1.5267639342306368943, 9168
Rectangle(1293) : 0.035213583917490722245, 12532.000000000000000, 2285.0000000000000000, 0.000000, 1.5272360021132724502, 9136
Rectangle(1294) : 0.035295552956918848039, 12488.000000000000000, 2277.0000000000000000, 0.000000, 1.5277084205916396701, 9104
Rectangle(1295) : 0.035377848634416577032, 12444.000000000000000, 2269.0000000000000000, 0.000000, 1.5281811873455979873, 9072
Rectangle(1296) : 0.035460473287851613836, 12400.000000000000000, 2261.0000000000000000, 0.000000, 1.5286543000014285841, 9040
Rectangle(1297) : 0.035543429279787212916, 12355.000000000000000, 2253.0000000000000000, 0.000000, 1.5291277561307668180, 9008
Rectangle(1298) : 0.035626725739206943132, 12311.000000000000000, 2245.0000000000000000, 0.000000, 1.5296015915585328970, 8976
Rectangle(1299) : 0.035710358392245569799, 12267.000000000000000, 2237.0000000000000000, 0.000000, 1.5300757655022197515, 8944
Rectangle(1300) : 0.035794329678257000446, 12223.000000000000000, 2229.0000000000000000, 0.000000, 1.5305499478937323721, 8912
Rectangle(1301) : 0.035878642035934635427, 12178.000000000000000, 2221.0000000000000000, 0.000000, 1.5310241322223786041, 8880
Rectangle(1302) : 0.035963304881411920581, 12134.000000000000000, 2212.0000000000000000, 0.000000, 1.5314991967012194866, 8844
Rectangle(1303) : 0.036048313880645579678, 12090.000000000000000, 2204.0000000000000000, 0.000000, 1.5319741387777596680, 8812
Rectangle(1304) : 0.036133671543075501900, 12045.000000000000000, 2196.0000000000000000, 0.000000, 1.5324491519982994124, 8780
Rectangle(1305) : 0.036219387537429864658, 12001.000000000000000, 2188.0000000000000000, 0.000000, 1.5329245171183569755, 8748
Rectangle(1306) : 0.036305457408033844074, 11957.000000000000000, 2180.0000000000000000, 0.000000, 1.5334001917578875228, 8716
Rectangle(1307) : 0.036391883785198508080, 11912.000000000000000, 2172.0000000000000000, 0.000000, 1.5338761727787503065, 8684
Rectangle(1308) : 0.036478676613672211095, 11868.000000000000000, 2164.0000000000000000, 0.000000, 1.5343524968877045576, 8652
Rectangle(1309) : 0.036565831357258974202, 11824.000000000000000, 2156.0000000000000000, 0.000000, 1.5348291209575895387, 8620
Rectangle(1310) : 0.036653350734877173588, 11779.000000000000000, 2148.0000000000000000, 0.000000, 1.5353060416385172209, 8588
Rectangle(1311) : 0.036741244956936645294, 11735.000000000000000, 2139.0000000000000000, 0.000000, 1.5357830056368979120, 8552
Rectangle(1312) : 0.036829509380084229266, 11690.000000000000000, 2131.0000000000000000, 0.000000, 1.5362603666281977649, 8520
Rectangle(1313) : 0.036918154407169618296, 11646.000000000000000, 2123.0000000000000000, 0.000000, 1.5367380524975285746, 8488
Rectangle(1314) : 0.037007175363077013846, 11601.000000000000000, 2115.0000000000000000, 0.000000, 1.5372160188326376915, 8456
Rectangle(1315) : 0.037096582829574094933, 11557.000000000000000, 2107.0000000000000000, 0.000000, 1.5376943030592669656, 8424
Rectangle(1316) : 0.037186372074452460163, 11512.000000000000000, 2099.0000000000000000, 0.000000, 1.5381728602239628248, 8392
Rectangle(1317) : 0.037276553872595611903, 11467.000000000000000, 2091.0000000000000000, 0.000000, 1.5386514978559995175, 8360
Rectangle(1318) : 0.037367131312017954234, 11423.000000000000000, 2082.0000000000000000, 0.000000, 1.5391298628068337747, 8324
Rectangle(1319) : 0.037458099522015926201, 11378.000000000000000, 2074.0000000000000000, 0.000000, 1.5396091049261763196, 8292
Rectangle(1320) : 0.037549469631431128901, 11334.000000000000000, 2066.0000000000000000, 0.000000, 1.5400885189574626030, 8260
Rectangle(1321) : 0.037641236749743945435, 11289.000000000000000, 2058.0000000000000000, 0.000000, 1.5405676120254867812, 8228
Rectangle(1322) : 0.037733412107350951085, 11244.000000000000000, 2050.0000000000000000, 0.000000, 1.5410469859455204170, 8196
Rectangle(1323) : 0.037825998996887194452, 11200.000000000000000, 2042.0000000000000000, 0.000000, 1.5415266364311582390, 8164
Rectangle(1324) : 0.037918992446568547866, 11155.000000000000000, 2033.0000000000000000, 0.000000, 1.5420071736442364810, 8128
Rectangle(1325) : 0.038012404116101872517, 11110.000000000000000, 2025.0000000000000000, 0.000000, 1.5424871391543742703, 8096
Rectangle(1326) : 0.038106237341948350849, 11065.000000000000000, 2017.0000000000000000, 0.000000, 1.5429673656350041368, 8064
Rectangle(1327) : 0.038200495576529010961, 11021.000000000000000, 2009.0000000000000000, 0.000000, 1.5434478483841244015, 8032
Rectangle(1328) : 0.038295173722648612123, 10976.000000000000000, 2001.0000000000000000, 0.000000, 1.5439285390744871926, 8000
Rectangle(1329) : 0.038390283830071579250, 10931.000000000000000, 1993.0000000000000000, 0.000000, 1.5444094762511085982, 7968
Rectangle(1330) : 0.038485829477885238440, 10886.000000000000000, 1984.0000000000000000, 0.000000, 1.5448908334649566104, 7932
Rectangle(1331) : 0.038581814305504653892, 10841.000000000000000, 1976.0000000000000000, 0.000000, 1.5453720594677582562, 7900
Rectangle(1332) : 0.038678241946817056646, 10797.000000000000000, 1968.0000000000000000, 0.000000, 1.5458535144212196253, 7868
Rectangle(1333) : 0.038775107142188105977, 10752.000000000000000, 1960.0000000000000000, 0.000000, 1.5463351484209582120, 7836
Rectangle(1334) : 0.038872422539176662358, 10707.000000000000000, 1952.0000000000000000, 0.000000, 1.5468170004292758559, 7804
Rectangle(1335) : 0.038970191942410927405, 10662.000000000000000, 1943.0000000000000000, 0.000000, 1.5472989542332363288, 7768
Rectangle(1336) : 0.039068419193792772868, 10617.000000000000000, 1935.0000000000000000, 0.000000, 1.5477810317571122822, 7736
Rectangle(1337) : 0.039167108186140621816, 10572.000000000000000, 1927.0000000000000000, 0.000000, 1.5482633079022508988, 7704
Rectangle(1338) : 0.039266262869067433290, 10527.000000000000000, 1919.0000000000000000, 0.000000, 1.5487457766499713715, 7672
Rectangle(1339) : 0.039365887242264922733, 10482.000000000000000, 1911.0000000000000000, 0.000000, 1.5492284318495037153, 7640
Rectangle(1340) : 0.039465985356350927667, 10437.000000000000000, 1902.0000000000000000, 0.000000, 1.5497108783360876645, 7604
Rectangle(1341) : 0.039566561276475109679, 10392.000000000000000, 1894.0000000000000000, 0.000000, 1.5501936897234871129, 7572
Rectangle(1342) : 0.039667619175794151934, 10347.000000000000000, 1886.0000000000000000, 0.000000, 1.5506766661369277706, 7540
Rectangle(1343) : 0.039769163262595826600, 10302.000000000000000, 1878.0000000000000000, 0.000000, 1.5511598008515690538, 7508
Rectangle(1344) : 0.039871197799661597233, 10257.000000000000000, 1869.0000000000000000, 0.000000, 1.5516426342566218654, 7472
Rectangle(1345) : 0.039973727061069086934, 10212.000000000000000, 1861.0000000000000000, 0.000000, 1.5521258655173890299, 7440
Rectangle(1346) : 0.040076755445863190834, 10167.000000000000000, 1853.0000000000000000, 0.000000, 1.5526092318891781881, 7408
Rectangle(1347) : 0.040180287385657542972, 10122.000000000000000, 1845.0000000000000000, 0.000000, 1.5530927260252799113, 7376
Rectangle(1348) : 0.040284327370445655985, 10077.000000000000000, 1836.0000000000000000, 0.000000, 1.5535758485741624941, 7340
Rectangle(1349) : 0.040388879900819195976, 10031.000000000000000, 1828.0000000000000000, 0.000000, 1.5540593752769239091, 7308
Rectangle(1350) : 0.040493960089761168253, 9986.0000000000000000, 1820.0000000000000000, 0.000000, 1.5545430527867404694, 7276
Rectangle(1351) : 0.040599562238047443085, 9941.0000000000000000, 1812.0000000000000000, 0.000000, 1.5550268249965681605, 7244
Rectangle(1352) : 0.040705691080718861268, 9896.0000000000000000, 1803.0000000000000000, 0.000000, 1.5555101816515279902, 7208
Rectangle(1353) : 0.040812351365849371372, 9851.0000000000000000, 1795.0000000000000000, 0.000000, 1.5559939178527144501, 7176
Rectangle(1354) : 0.040919547987294170321, 9805.0000000000000000, 1787.0000000000000000, 0.000000, 1.5564777216229587324, 7144
Rectangle(1355) : 0.041027296862523436893, 9760.0000000000000000, 1779.0000000000000000, 0.000000, 1.5569616334817155081, 7112
Rectangle(1356) : 0.041135592111855579875, 9715.0000000000000000, 1770.0000000000000000, 0.000000, 1.5574451168186537839, 7076
Rectangle(1357) : 0.041244438752804489169, 9669.0000000000000000, 1762.0000000000000000, 0.000000, 1.5579289191754113026, 7044
Rectangle(1358) : 0.041353853265078293213, 9624.0000000000000000, 1754.0000000000000000, 0.000000, 1.5584128010035575264, 7012
Rectangle(1359) : 0.041463829657535021966, 9579.0000000000000000, 1746.0000000000000000, 0.000000, 1.5588967028471273425, 6980
Rectangle(1360) : 0.041574373211439096227, 9533.0000000000000000, 1737.0000000000000000, 0.000000, 1.5593801995042021200, 6944
Rectangle(1361) : 0.041685500894173199040, 9488.0000000000000000, 1729.0000000000000000, 0.000000, 1.5598639637653585661, 6912
Rectangle(1362) : 0.041797206623912381014, 9443.0000000000000000, 1721.0000000000000000, 0.000000, 1.5603477163838951441, 6880
Rectangle(1363) : 0.041909495908714233724, 9397.0000000000000000, 1712.0000000000000000, 0.000000, 1.5608313348554870234, 6844
Rectangle(1364) : 0.042022386334898706112, 9352.0000000000000000, 1704.0000000000000000, 0.000000, 1.5613148894978297842, 6812
Rectangle(1365) : 0.042135871673809936841, 9306.0000000000000000, 1696.0000000000000000, 0.000000, 1.5617983989931011726, 6780
Rectangle(1366) : 0.042249969932889358846, 9261.0000000000000000, 1687.0000000000000000, 0.000000, 1.5622821398684670903, 6744
Rectangle(1367) : 0.042364674839472715620, 9215.0000000000000000, 1679.0000000000000000, 0.000000, 1.5627653879298050608, 6712
Rectangle(1368) : 0.042480004778477577808, 9170.0000000000000000, 1671.0000000000000000, 0.000000, 1.5632486076703132088, 6680
Rectangle(1369) : 0.042595953372552857329, 9124.0000000000000000, 1663.0000000000000000, 0.000000, 1.5637317350182261168, 6648
Rectangle(1370) : 0.042712539489937581805, 9079.0000000000000000, 1654.0000000000000000, 0.000000, 1.5642152600268278671, 6612
Rectangle(1371) : 0.042829756723115996594, 9033.0000000000000000, 1646.0000000000000000, 0.000000, 1.5646980343790619439, 6580
Rectangle(1372) : 0.042947624323512217334, 8988.0000000000000000, 1638.0000000000000000, 0.000000, 1.5651807313417149017, 6548
Rectangle(1373) : 0.043066135753345518947, 8942.0000000000000000, 1629.0000000000000000, 0.000000, 1.5656641928850344562, 6512
Rectangle(1374) : 0.043185310903522776212, 8897.0000000000000000, 1621.0000000000000000, 0.000000, 1.5661464666604376531, 6480
Rectangle(1375) : 0.043305143034202829899, 8851.0000000000000000, 1613.0000000000000000, 0.000000, 1.5666285694221058317, 6448
Rectangle(1376) : 0.043425652419517721530, 8805.0000000000000000, 1604.0000000000000000, 0.000000, 1.5671118481249632050, 6412
Rectangle(1377) : 0.043546846269389949038, 8760.0000000000000000, 1596.0000000000000000, 0.000000, 1.5675936301751007323, 6380
Rectangle(1378) : 0.043668717688359709395, 8714.0000000000000000, 1588.0000000000000000, 0.000000, 1.5680750768438490140, 6348
Rectangle(1379) : 0.043791287699473302351, 8668.0000000000000000, 1579.0000000000000000, 0.000000, 1.5685562822271326569, 6312
Rectangle(1380) : 0.043914563689577955403, 8623.0000000000000000, 1571.0000000000000000, 0.000000, 1.5690378418349445586, 6280
Rectangle(1381) : 0.044038538853886774208, 8577.0000000000000000, 1563.0000000000000000, 0.000000, 1.5695191443170543282, 6248
Rectangle(1382) : 0.044163235034872789637, 8531.0000000000000000, 1554.0000000000000000, 0.000000, 1.5699987913679784976, 6212
Rectangle(1383) : 0.044288659814074287527, 8485.0000000000000000, 1546.0000000000000000, 0.000000, 1.5704794527743066899, 6180
Rectangle(1384) : 0.044414821210983457437, 8440.0000000000000000, 1538.0000000000000000, 0.000000, 1.5709598648221769828, 6148
Rectangle(1385) : 0.044541712190227791203, 8394.0000000000000000, 1529.0000000000000000, 0.000000, 1.5714391085752436356, 6112
Rectangle(1386) : 0.044669355638950121872, 8348.0000000000000000, 1521.0000000000000000, 0.000000, 1.5719187355324326342, 6080
Rectangle(1387) : 0.044797759895722095115, 8302.0000000000000000, 1512.0000000000000000, 0.000000, 1.5723980590827473060, 6044
Rectangle(1388) : 0.044926933355018981083, 8256.0000000000000000, 1504.0000000000000000, 0.000000, 1.5728769023684557635, 6012
Rectangle(1389) : 0.045056884530208958767, 8210.0000000000000000, 1496.0000000000000000, 0.000000, 1.5733554101839932804, 5980
Rectangle(1390) : 0.045187622095395803259, 8164.0000000000000000, 1487.0000000000000000, 0.000000, 1.5738343143249201134, 5944
Rectangle(1391) : 0.045319154960942706752, 8119.0000000000000000, 1479.0000000000000000, 0.000000, 1.5743119459701203604, 5912
Rectangle(1392) : 0.045451475683441797818, 8073.0000000000000000, 1471.0000000000000000, 0.000000, 1.5747891283344719292, 5880
Rectangle(1393) : 0.045584609478602763001, 8027.0000000000000000, 1462.0000000000000000, 0.000000, 1.5752675044393451680, 5844
Rectangle(1394) : 0.045718565814025628975, 7981.0000000000000000, 1454.0000000000000000, 0.000000, 1.5757437151800706766, 5812
Rectangle(1395) : 0.045853353900127630062, 7935.0000000000000000, 1445.0000000000000000, 0.000000, 1.5762187824115331338, 5776
Rectangle(1396) : 0.045988983236285353204, 7889.0000000000000000, 1437.0000000000000000, 0.000000, 1.5766944450039454083, 5744
Rectangle(1397) : 0.046125463708462301538, 7843.0000000000000000, 1429.0000000000000000, 0.000000, 1.5771696134787454794, 5712
Rectangle(1398) : 0.046262805237657602505, 7797.0000000000000000, 1420.0000000000000000, 0.000000, 1.5776429988369922473, 5676
Rectangle(1399) : 0.046401017755143429393, 7751.0000000000000000, 1412.0000000000000000, 0.000000, 1.5781169616645112153, 5644
Rectangle(1400) : 0.046540111673562280021, 7705.0000000000000000, 1403.0000000000000000, 0.000000, 1.5785902221988444247, 5608
Rectangle(1401) : 0.046680097425956679037, 7659.0000000000000000, 1395.0000000000000000, 0.000000, 1.5790629127023494307, 5576
Rectangle(1402) : 0.046820985650620780021, 7613.0000000000000000, 1387.0000000000000000, 0.000000, 1.5795349985923560908, 5544
Rectangle(1403) : 0.046962787174145324365, 7567.0000000000000000, 1378.0000000000000000, 0.000000, 1.5800074193562125732, 5508
Rectangle(1404) : 0.047105513144722331444, 7520.0000000000000000, 1370.0000000000000000, 0.000000, 1.5804781202598038390, 5476
Rectangle(1405) : 0.047249193745820709615, 7474.0000000000000000, 1361.0000000000000000, 0.000000, 1.5809493806898969629, 5440
Rectangle(1406) : 0.047393821706844244129, 7428.0000000000000000, 1353.0000000000000000, 0.000000, 1.5814190561354364663, 5408
Rectangle(1407) : 0.047539408548004103643, 7382.0000000000000000, 1345.0000000000000000, 0.000000, 1.5818879959124260530, 5376
Rectangle(1408) : 0.047685966119923966289, 7336.0000000000000000, 1336.0000000000000000, 0.000000, 1.5823541341422770197, 5340
Rectangle(1409) : 0.047833506214545323571, 7290.0000000000000000, 1328.0000000000000000, 0.000000, 1.5828214017875961622, 5308
Rectangle(1410) : 0.047982041386258299725, 7244.0000000000000000, 1319.0000000000000000, 0.000000, 1.5832872216139790001, 5272
Rectangle(1411) : 0.048131584072842228355, 7197.0000000000000000, 1311.0000000000000000, 0.000000, 1.5837527409483466849, 5240
Rectangle(1412) : 0.048282168030178388795, 7151.0000000000000000, 1302.0000000000000000, 0.000000, 1.5842183448986727139, 5204
Rectangle(1413) : 0.048433785754258751362, 7105.0000000000000000, 1294.0000000000000000, 0.000000, 1.5846821045521545384, 5172
Rectangle(1414) : 0.048586450371366725259, 7059.0000000000000000, 1285.0000000000000000, 0.000000, 1.5851464217949923757, 5136
Rectangle(1415) : 0.048740175604656850259, 7012.0000000000000000, 1277.0000000000000000, 0.000000, 1.5856084568109580181, 5104
Rectangle(1416) : 0.048894997118748544215, 6966.0000000000000000, 1269.0000000000000000, 0.000000, 1.5860695552990910755, 5072
Rectangle(1417) : 0.049050907189850911581, 6920.0000000000000000, 1260.0000000000000000, 0.000000, 1.5865274569178819020, 5036
Rectangle(1418) : 0.049207919828133842492, 6873.0000000000000000, 1252.0000000000000000, 0.000000, 1.5869863880425097353, 5004
Rectangle(1419) : 0.049366072947301965544, 6827.0000000000000000, 1243.0000000000000000, 0.000000, 1.5874438871137233098, 4968
Rectangle(1420) : 0.049525358707828364154, 6781.0000000000000000, 1235.0000000000000000, 0.000000, 1.5879006339959077497, 4936
Rectangle(1421) : 0.049685792365695331820, 6734.0000000000000000, 1226.0000000000000000, 0.000000, 1.5883577309065464041, 4900
Rectangle(1422) : 0.049847413650356238622, 6688.0000000000000000, 1218.0000000000000000, 0.000000, 1.5888122135165761788, 4868
Rectangle(1423) : 0.050010214519602138171, 6642.0000000000000000, 1209.0000000000000000, 0.000000, 1.5892654025507932241, 4832
Rectangle(1424) : 0.050174211117396596651, 6595.0000000000000000, 1201.0000000000000000, 0.000000, 1.5897173386874567582, 4800
Rectangle(1425) : 0.050339444982246855446, 6549.0000000000000000, 1192.0000000000000000, 0.000000, 1.5901665174879247677, 4764
Rectangle(1426) : 0.050505908032710731575, 6502.0000000000000000, 1184.0000000000000000, 0.000000, 1.5906158537419790383, 4732
Rectangle(1427) : 0.050673643476226877229, 6456.0000000000000000, 1176.0000000000000000, 0.000000, 1.5910638631937327291, 4700
Rectangle(1428) : 0.050842643455036315384, 6409.0000000000000000, 1167.0000000000000000, 0.000000, 1.5915112063053456550, 4664
Rectangle(1429) : 0.051012952583809188789, 6363.0000000000000000, 1159.0000000000000000, 0.000000, 1.5919564602245569730, 4632
Rectangle(1430) : 0.051184562902876383033, 6316.0000000000000000, 1150.0000000000000000, 0.000000, 1.5924020743216142097, 4596
Rectangle(1431) : 0.051357520799380755137, 6270.0000000000000000, 1142.0000000000000000, 0.000000, 1.5928440982824022608, 4564
Rectangle(1432) : 0.051531818103732015466, 6223.0000000000000000, 1133.0000000000000000, 0.000000, 1.5932821941919126222, 4528
Rectangle(1433) : 0.051707502210142414409, 6177.0000000000000000, 1125.0000000000000000, 0.000000, 1.5937210745316722924, 4496
Rectangle(1434) : 0.051884565683435545749, 6130.0000000000000000, 1116.0000000000000000, 0.000000, 1.5941585590583375699, 4460
Rectangle(1435) : 0.052063058107425486626, 6084.0000000000000000, 1108.0000000000000000, 0.000000, 1.5945942089631293642, 4428
Rectangle(1436) : 0.052242971685493062129, 6037.0000000000000000, 1099.0000000000000000, 0.000000, 1.5950310670109405538, 4392
Rectangle(1437) : 0.052424358312461910987, 5991.0000000000000000, 1091.0000000000000000, 0.000000, 1.5954627074663300105, 4360
Rectangle(1438) : 0.052607209707465471329, 5944.0000000000000000, 1082.0000000000000000, 0.000000, 1.5958896624255651103, 4324
Rectangle(1439) : 0.052791578762382289147, 5897.0000000000000000, 1074.0000000000000000, 0.000000, 1.5963176352074995023, 4292
Rectangle(1440) : 0.052977489841779864101, 5851.0000000000000000, 1065.0000000000000000, 0.000000, 1.5967439756955998654, 4256
Rectangle(1441) : 0.053164935402486683425, 5804.0000000000000000, 1057.0000000000000000, 0.000000, 1.5971681967522707445, 4224
Rectangle(1442) : 0.053353971962919535035, 5758.0000000000000000, 1048.0000000000000000, 0.000000, 1.5975932524812802846, 4188
Rectangle(1443) : 0.053544592534729413514, 5711.0000000000000000, 1040.0000000000000000, 0.000000, 1.5980125284794735718, 4156
Rectangle(1444) : 0.053736855278290869227, 5664.0000000000000000, 1031.0000000000000000, 0.000000, 1.5984269343765840186, 4120
Rectangle(1445) : 0.053930786587326283072, 5618.0000000000000000, 1023.0000000000000000, 0.000000, 1.5988420429853355711, 4088
Rectangle(1446) : 0.054126379688605267687, 5571.0000000000000000, 1014.0000000000000000, 0.000000, 1.5992557633547469562, 4052
Rectangle(1447) : 0.054323697183373665992, 5524.0000000000000000, 1006.0000000000000000, 0.000000, 1.5996665595607785063, 4020
Rectangle(1448) : 0.054522767885683727271, 5478.0000000000000000, 997.00000000000000000, 0.000000, 1.6000759182855718680, 3984
Rectangle(1449) : 0.054723584957294821077, 5431.0000000000000000, 989.00000000000000000, 0.000000, 1.6004806465190392776, 3952
Rectangle(1450) : 0.054926214426364797007, 5384.0000000000000000, 980.00000000000000000, 0.000000, 1.6008809922041216834, 3916
Rectangle(1451) : 0.055130687121796468940, 5337.0000000000000000, 972.00000000000000000, 0.000000, 1.6012809418352467587, 3884
Rectangle(1452) : 0.055337035433925988662, 5291.0000000000000000, 963.00000000000000000, 0.000000, 1.6016808072317577260, 3848
Rectangle(1453) : 0.055545253314710671657, 5244.0000000000000000, 955.00000000000000000, 0.000000, 1.6020758576024671755, 3816
Rectangle(1454) : 0.055755412707846153575, 5197.0000000000000000, 946.00000000000000000, 0.000000, 1.6024646373003679414, 3780
Rectangle(1455) : 0.055967547523566832417, 5150.0000000000000000, 938.00000000000000000, 0.000000, 1.6028523452922334984, 3748
Rectangle(1456) : 0.056181693610031343775, 5104.0000000000000000, 929.00000000000000000, 0.000000, 1.6032372533432622595, 3712
Rectangle(1457) : 0.056397845109510823058, 5057.0000000000000000, 920.00000000000000000, 0.000000, 1.6036235775938630938, 3676
Rectangle(1458) : 0.056616081925329265434, 5010.0000000000000000, 912.00000000000000000, 0.000000, 1.6040008180453452328, 3644
Rectangle(1459) : 0.056836441370048895221, 4963.0000000000000000, 903.00000000000000000, 0.000000, 1.6043718346170244320, 3608
Rectangle(1460) : 0.057058962392538724847, 4916.0000000000000000, 895.00000000000000000, 0.000000, 1.6047431343551371841, 3576
Rectangle(1461) : 0.057283686382440095307, 4870.0000000000000000, 886.00000000000000000, 0.000000, 1.6051138683776366877, 3540
Rectangle(1462) : 0.057510609148020718857, 4823.0000000000000000, 878.00000000000000000, 0.000000, 1.6054791693072921844, 3508
Rectangle(1463) : 0.057739819011032805149, 4776.0000000000000000, 869.00000000000000000, 0.000000, 1.6058360674194891798, 3472
Rectangle(1464) : 0.057971359226154138729, 4729.0000000000000000, 861.00000000000000000, 0.000000, 1.6061915340716028306, 3440
Rectangle(1465) : 0.058205275811916795280, 4682.0000000000000000, 852.00000000000000000, 0.000000, 1.6065443832438587489, 3404
Rectangle(1466) : 0.058441615919401600652, 4635.0000000000000000, 844.00000000000000000, 0.000000, 1.6068932801015731144, 3372
Rectangle(1467) : 0.058680427846068606717, 4589.0000000000000000, 835.00000000000000000, 0.000000, 1.6072369615028718275, 3336
Rectangle(1468) : 0.058921708508849794738, 4542.0000000000000000, 827.00000000000000000, 0.000000, 1.6075746167204788912, 3304
Rectangle(1469) : 0.059165560251852982517, 4495.0000000000000000, 818.00000000000000000, 0.000000, 1.6079078935779989464, 3268
Rectangle(1470) : 0.059412035867776897744, 4448.0000000000000000, 810.00000000000000000, 0.000000, 1.6082383044641145707, 3236
Rectangle(1471) : 0.059661190162845268826, 4401.0000000000000000, 801.00000000000000000, 0.000000, 1.6085656466115086350, 3200
Rectangle(1472) : 0.059913079653100099236, 4354.0000000000000000, 792.00000000000000000, 0.000000, 1.6088808226967708497, 3164
Rectangle(1473) : 0.060167760595382315784, 4307.0000000000000000, 784.00000000000000000, 0.000000, 1.6091953805274143731, 3132
Rectangle(1474) : 0.060425293769407719632, 4261.0000000000000000, 775.00000000000000000, 0.000000, 1.6095115461767949343, 3096
Rectangle(1475) : 0.060685681365318725249, 4214.0000000000000000, 767.00000000000000000, 0.000000, 1.6098124856250737294, 3064
Rectangle(1476) : 0.060949044556022349769, 4167.0000000000000000, 758.00000000000000000, 0.000000, 1.6101047169951581309, 3028
Rectangle(1477) : 0.061215448375795605860, 4120.0000000000000000, 750.00000000000000000, 0.000000, 1.6103966386874555846, 2996
Rectangle(1478) : 0.061484962123049842652, 4073.0000000000000000, 741.00000000000000000, 0.000000, 1.6106902342435737876, 2960
Rectangle(1479) : 0.061757657982181581859, 4026.0000000000000000, 733.00000000000000000, 0.000000, 1.6109662164398859316, 2928
Rectangle(1480) : 0.062033605874988309611, 3979.0000000000000000, 724.00000000000000000, 0.000000, 1.6112337611834986810, 2892
Rectangle(1481) : 0.062312880507102785279, 3932.0000000000000000, 716.00000000000000000, 0.000000, 1.6115004873836137411, 2860
Rectangle(1482) : 0.062595561200740530381, 3885.0000000000000000, 707.00000000000000000, 0.000000, 1.6117660287809446812, 2824
Rectangle(1483) : 0.062881730062717607519, 3839.0000000000000000, 699.00000000000000000, 0.000000, 1.6120145685535271719, 2792
Rectangle(1484) : 0.063171392622903470288, 3792.0000000000000000, 690.00000000000000000, 0.000000, 1.6122556584248645643, 2756
Rectangle(1485) : 0.063464708988521841745, 3745.0000000000000000, 681.00000000000000000, 0.000000, 1.6125006816052851573, 2720
Rectangle(1486) : 0.063761771920859701600, 3698.0000000000000000, 673.00000000000000000, 0.000000, 1.6127255095835153304, 2688
Rectangle(1487) : 0.064062671193326850148, 3651.0000000000000000, 664.00000000000000000, 0.000000, 1.6129422339625552132, 2652
Rectangle(1488) : 0.064367503358202926624, 3604.0000000000000000, 656.00000000000000000, 0.000000, 1.6131567146909039716, 2620
Rectangle(1489) : 0.064676370371158227393, 3557.0000000000000000, 647.00000000000000000, 0.000000, 1.6133622257083256623, 2584
Rectangle(1490) : 0.064989376338464475822, 3511.0000000000000000, 639.00000000000000000, 0.000000, 1.6135537543716835901, 2552
Rectangle(1491) : 0.065306537760957122814, 3464.0000000000000000, 630.00000000000000000, 0.000000, 1.6137414216470352197, 2516
Rectangle(1492) : 0.065628056647113888178, 3417.0000000000000000, 622.00000000000000000, 0.000000, 1.6139223823763542771, 2484
Rectangle(1493) : 0.065954050905930497566, 3370.0000000000000000, 613.00000000000000000, 0.000000, 1.6140795424375762473, 2448
Rectangle(1494) : 0.066284638307247285770, 3323.0000000000000000, 605.00000000000000000, 0.000000, 1.6137521410228588659, 2416
Rectangle(1495) : 0.066619802959977607426, 3276.0000000000000000, 596.00000000000000000, 0.000000, 1.6128120943813126964, 2380
Rectangle(1496) : 0.066959489191473734623, 3230.0000000000000000, 588.00000000000000000, 0.000000, 1.6118588042589292857, 2348
Rectangle(1497) : 0.067303717923442443380, 3183.0000000000000000, 579.00000000000000000, 0.000000, 1.6108922119076382315, 2312
Rectangle(1498) : 0.067652725844242832394, 3136.0000000000000000, 571.00000000000000000, 0.000000, 1.6099116533594829417, 2280
Rectangle(1499) : 0.068006651754115116496, 3090.0000000000000000, 562.00000000000000000, 0.000000, 1.6089167397972902515, 2244
Rectangle(1500) : 0.068365524485441100396, 3043.0000000000000000, 554.00000000000000000, 0.000000, 1.6079073923948423709, 2212
Rectangle(1501) : 0.068729608413273779453, 2997.0000000000000000, 545.00000000000000000, 0.000000, 1.6068828706957717461, 2176
Rectangle(1502) : 0.069098938700459555811, 2951.0000000000000000, 537.00000000000000000, 0.000000, 1.6058430798382640392, 2144
Rectangle(1503) : 0.069473673732597225767, 2904.0000000000000000, 529.00000000000000000, 0.000000, 1.6047875793018569609, 2112
Rectangle(1504) : 0.069854110226847176511, 2858.0000000000000000, 520.00000000000000000, 0.000000, 1.6037155396266239483, 2076
Rectangle(1505) : 0.070240294810341446612, 2812.0000000000000000, 512.00000000000000000, 0.000000, 1.6026268369714446874, 2044
Rectangle(1506) : 0.070632409617230296074, 2766.0000000000000000, 503.00000000000000000, 0.000000, 1.6015209670342493788, 2008
Rectangle(1507) : 0.071030645686295462155, 2720.0000000000000000, 495.00000000000000000, 0.000000, 1.6003974016770189440, 1976
Rectangle(1508) : 0.071435203554559072061, 2674.0000000000000000, 487.00000000000000000, 0.000000, 1.5992555873778268161, 1944
Rectangle(1509) : 0.071846293901372021506, 2628.0000000000000000, 478.00000000000000000, 0.000000, 1.5980949435540235342, 1908
Rectangle(1510) : 0.072264138248234283124, 2582.0000000000000000, 470.00000000000000000, 0.000000, 1.5969148607433962381, 1876
Rectangle(1511) : 0.072688969720249541156, 2536.0000000000000000, 462.00000000000000000, 0.000000, 1.5957146986285311429, 1844
Rectangle(1512) : 0.073121033875860160692, 2490.0000000000000000, 453.00000000000000000, 0.000000, 1.5944937838877750400, 1808
Rectangle(1513) : 0.073560589612361275166, 2445.0000000000000000, 445.00000000000000000, 0.000000, 1.5932514078540946162, 1776
Rectangle(1514) : 0.074007727202485649242, 2399.0000000000000000, 437.00000000000000000, 0.000000, 1.5919873412211666128, 1744
Rectangle(1515) : 0.074462911588155164295, 2354.0000000000000000, 428.00000000000000000, 0.000000, 1.5907002984409883090, 1708
Rectangle(1516) : 0.074926250712386680145, 2308.0000000000000000, 420.00000000000000000, 0.000000, 1.5893900064418458614, 1676
Rectangle(1517) : 0.075398256781035660154, 2263.0000000000000000, 412.00000000000000000, 0.000000, 1.5880550525011778750, 1644
Rectangle(1518) : 0.075879058836935429431, 2218.0000000000000000, 404.00000000000000000, 0.000000, 1.5866951113772089380, 1612
Rectangle(1519) : 0.076369002530072133191, 2173.0000000000000000, 396.00000000000000000, 0.000000, 1.5853092495450518639, 1580
Rectangle(1520) : 0.076868454554713206299, 2128.0000000000000000, 387.00000000000000000, 0.000000, 1.5838964786555733559, 1544
Rectangle(1521) : 0.077377804403705487011, 2083.0000000000000000, 379.00000000000000000, 0.000000, 1.5824557510897483393, 1512
Rectangle(1522) : 0.077897466310133594711, 2038.0000000000000000, 371.00000000000000000, 0.000000, 1.5809859550487714289, 1480
Rectangle(1523) : 0.078427881400932795609, 1993.0000000000000000, 363.00000000000000000, 0.000000, 1.5794859091201329716, 1448
Rectangle(1524) : 0.078969520090907774521, 1948.0000000000000000, 355.00000000000000000, 0.000000, 1.5779543562506432102, 1416
Rectangle(1525) : 0.079522884750174018468, 1904.0000000000000000, 347.00000000000000000, 0.000000, 1.5763899570464955352, 1384
Rectangle(1526) : 0.080088215609967345955, 1859.0000000000000000, 339.00000000000000000, 0.000000, 1.5747921218309611992, 1352
Rectangle(1527) : 0.080666371673351402544, 1815.0000000000000000, 331.00000000000000000, 0.000000, 1.5731585217441920230, 1320
Rectangle(1528) : 0.081257643586158119912, 1770.0000000000000000, 323.00000000000000000, 0.000000, 1.5714884450715233153, 1288
Rectangle(1529) : 0.081863004289588359074, 1726.0000000000000000, 315.00000000000000000, 0.000000, 1.5697792650344590529, 1256
Rectangle(1530) : 0.082482806876514465130, 1682.0000000000000000, 307.00000000000000000, 0.000000, 1.5680301191418277791, 1224
Rectangle(1531) : 0.083117783166135052394, 1638.0000000000000000, 299.00000000000000000, 0.000000, 1.5662390905015651782, 1192
Rectangle(1532) : 0.083768722781825873626, 1594.0000000000000000, 291.00000000000000000, 0.000000, 1.5644041164943422591, 1160
Rectangle(1533) : 0.084436479442110906411, 1551.0000000000000000, 283.00000000000000000, 0.000000, 1.5625229733700332843, 1128
Rectangle(1534) : 0.085121536162530012333, 1507.0000000000000000, 275.00000000000000000, 0.000000, 1.5605945024242459805, 1096
Rectangle(1535) : 0.085825314863541456248, 1464.0000000000000000, 267.00000000000000000, 0.000000, 1.5586149257690904072, 1064
Rectangle(1536) : 0.086548412490432911445, 1420.0000000000000000, 259.00000000000000000, 0.000000, 1.5565828148157654344, 1032
Rectangle(1537) : 0.087292484895232746257, 1377.0000000000000000, 251.00000000000000000, 0.000000, 1.5544937960105302902, 1000
Rectangle(1538) : 0.088058275596765447993, 1334.0000000000000000, 243.00000000000000000, 0.000000, 1.5523460947828140565, 968
Rectangle(1539) : 0.088847140735283299610, 1291.0000000000000000, 236.00000000000000000, 0.000000, 1.5501362558892292355, 940
Rectangle(1540) : 0.089660569283609580970, 1248.0000000000000000, 228.00000000000000000, 0.000000, 1.5478604990028028167, 908
Rectangle(1541) : 0.090500201093707980662, 1206.0000000000000000, 220.00000000000000000, 0.000000, 1.5455146758804197510, 876
Rectangle(1542) : 0.091367128685648627222, 1163.0000000000000000, 212.00000000000000000, 0.000000, 1.5430962255884096919, 844
Rectangle(1543) : 0.092264029997418540973, 1121.0000000000000000, 205.00000000000000000, 0.000000, 1.5405982333059036660, 816
Rectangle(1544) : 0.093192306744346198124, 1079.0000000000000000, 197.00000000000000000, 0.000000, 1.5380174245187796607, 784
Rectangle(1545) : 0.094154324746680562962, 1037.0000000000000000, 190.00000000000000000, 0.000000, 1.5353479311586456355, 756
Rectangle(1546) : 0.095152731623400568396, 995.00000000000000000, 182.00000000000000000, 0.000000, 1.5325832150782182961, 724
Rectangle(1547) : 0.096190503698856064171, 954.00000000000000000, 175.00000000000000000, 0.000000, 1.5297159600380924165, 696
Rectangle(1548) : 0.097269870533277544692, 913.00000000000000000, 167.00000000000000000, 0.000000, 1.5267410583828283969, 664
Rectangle(1549) : 0.098394450005766951479, 871.00000000000000000, 160.00000000000000000, 0.000000, 1.5236497397532011640, 636
Rectangle(1550) : 0.099569708030741924113, 831.00000000000000000, 152.00000000000000000, 0.000000, 1.5204283846619142402, 604
Rectangle(1551) : 0.10079766035885493764, 790.00000000000000000, 145.00000000000000000, 0.000000, 1.5170730848604133907, 576
Rectangle(1552) : 0.10208509464348837231, 750.00000000000000000, 138.00000000000000000, 0.000000, 1.5135671677647618968, 548
Rectangle(1553) : 0.10343651753384138817, 710.00000000000000000, 130.00000000000000000, 0.000000, 1.5099005616367587980, 516
Rectangle(1554) : 0.10485891269107625972, 670.00000000000000000, 123.00000000000000000, 0.000000, 1.5060568957171694482, 488
Rectangle(1555) : 0.10636049014737054248, 630.00000000000000000, 116.00000000000000000, 0.000000, 1.5020170542746899096, 460
Rectangle(1556) : 0.10795099340812401853, 591.00000000000000000, 109.00000000000000000, 0.000000, 1.4977585130763392371, 432
Rectangle(1557) : 0.10963924808338009168, 552.00000000000000000, 102.00000000000000000, 0.000000, 1.4932620596238709809, 404
Rectangle(1558) : 0.11143863587255377100, 514.00000000000000000, 95.000000000000000000, 0.000000, 1.4884973965507974081, 376
Rectangle(1559) : 0.11336178255845026401, 476.00000000000000000, 88.000000000000000000, 0.000000, 1.4834376012507338296, 348
Rectangle(1560) : 0.11542782793922911659, 438.00000000000000000, 81.000000000000000000, 0.000000, 1.4780403486674878906, 320
Rectangle(1561) : 0.11766079677180328986, 401.00000000000000000, 75.000000000000000000, 0.000000, 1.4722530450765271193, 296
Rectangle(1562) : 0.12008536795653278392, 365.00000000000000000, 68.000000000000000000, 0.000000, 1.4660246255344437842, 268
Rectangle(1563) : 0.12273201076621619155, 329.00000000000000000, 62.000000000000000000, 0.000000, 1.4592932180778790114, 244
Rectangle(1564) : 0.12564779562359576301, 294.00000000000000000, 55.000000000000000000, 0.000000, 1.4519606530188324546, 216
Rectangle(1565) : 0.12888575702842172374, 259.00000000000000000, 49.000000000000000000, 0.000000, 1.4439224464071832425, 192
Rectangle(1566) : 0.13253024523848806831, 226.00000000000000000, 43.000000000000000000, 0.000000, 1.4350091897822959318, 168
Rectangle(1567) : 0.13666745404283451048, 193.00000000000000000, 37.000000000000000000, 0.000000, 1.4250660197755746369, 144
Rectangle(1568) : 0.14146054222820018218, 162.00000000000000000, 32.000000000000000000, 0.000000, 1.4137827504088391989, 124
Rectangle(1569) : 0.14710117648998314020, 132.00000000000000000, 26.000000000000000000, 0.000000, 1.4008326795799524288, 100
Rectangle(1570) : 0.15392566648680096163, 103.00000000000000000, 21.000000000000000000, 0.000000, 1.3856423814947699445, 80
Rectangle(1571) : 0.16252413621005115526, 77.000000000000000000, 16.000000000000000000, 0.000000, 1.3672480727751399887, 60
Rectangle(1572) : 0.17378709819414388239, 54.000000000000000000, 12.000000000000000000, 0.000000, 1.3329050968272098206, 44

Overall winding number: 0.000000 

cpu/wall(s): 2656.9 2657.77
